{
 "type": "FeatureCollection",
 "features": [
  {
   "type": "Feature",
   "properties": {
    "id": "antillia",
    "kind": "island",
    "confidence": "approximate",
    "placeholder": false,
    "traced_from": "Albino de Canepa, portolan chart, 1489"
   },
   "geometry": {
    "type": "Polygon",
    "coordinates": [
     [
      [
       -35.86844,
       32.82883
      ],
      [
       -35.92918,
       32.83143
      ],
      [
       -35.94196,
       32.90455
      ],
      [
       -35.92918,
       33.09257
      ],
      [
       -35.9036,
       33.11864
      ],
      [
       -35.93557,
       33.13952
      ],
      [
       -35.92918,
       33.31715
      ],
      [
       -35.97393,
       33.39547
      ],
      [
       -35.94836,
       33.44772
      ],
      [
       -35.95475,
       33.64093
      ],
      [
       -35.92918,
       33.667
      ],
      [
       -35.95475,
       33.72445
      ],
      [
       -35.94836,
       34.03254
      ],
      [
       -35.89721,
       34.46082
      ],
      [
       -35.84276,
       34.52606
      ],
      [
       -35.75964,
       34.52606
      ],
      [
       -35.72448,
       34.55483
      ],
      [
       -35.71169,
       34.71667
      ],
      [
       -35.74686,
       34.75064
      ],
      [
       -35.84915,
       34.73495
      ],
      [
       -35.90999,
       34.76362
      ],
      [
       -35.90999,
       35.17102
      ],
      [
       -35.94196,
       35.24415
      ],
      [
       -35.96114,
       35.63057
      ],
      [
       -35.95475,
       35.6984
      ],
      [
       -35.82038,
       35.78722
      ],
      [
       -35.87803,
       35.82898
      ],
      [
       -35.87803,
       35.86554
      ],
      [
       -35.83637,
       35.87343
      ],
      [
       -35.81399,
       35.91259
      ],
      [
       -35.86844,
       35.94127
      ],
      [
       -35.96114,
       35.94386
      ],
      [
       -36.01229,
       36.26764
      ],
      [
       -36.01869,
       37.05617
      ],
      [
       -35.96434,
       37.06926
      ],
      [
       -35.87803,
       37.16067
      ],
      [
       -35.92278,
       37.19203
      ],
      [
       -35.9036,
       37.26506
      ],
      [
       -36.01869,
       37.31731
      ],
      [
       -36.01869,
       38.06937
      ],
      [
       -35.54855,
       38.10324
      ],
      [
       -35.42707,
       38.07716
      ],
      [
       -35.2927,
       38.08236
      ],
      [
       -35.13925,
       38.12412
      ],
      [
       -34.84504,
       38.11373
      ],
      [
       -34.52516,
       38.17117
      ],
      [
       -34.50278,
       38.1424
      ],
      [
       -34.4836,
       37.50533
      ],
      [
       -34.49319,
       37.48185
      ],
      [
       -34.56362,
       37.49224
      ],
      [
       -34.63715,
       37.46357
      ],
      [
       -34.65633,
       37.35907
      ],
      [
       -34.62756,
       37.3252
      ],
      [
       -34.53155,
       37.35647
      ],
      [
       -34.45802,
       37.33819
      ],
      [
       -34.43245,
       36.73249
      ],
      [
       -34.44204,
       36.67764
      ],
      [
       -34.52516,
       36.69323
      ],
      [
       -34.62116,
       36.65676
      ],
      [
       -34.64354,
       36.6176
      ],
      [
       -34.49958,
       36.51051
      ],
      [
       -34.40048,
       36.52879
      ],
      [
       -34.41327,
       35.9073
      ],
      [
       -34.43565,
       35.86294
      ],
      [
       -34.53155,
       35.86294
      ],
      [
       -34.60518,
       35.8081
      ],
      [
       -34.56042,
       35.78722
      ],
      [
       -34.55723,
       35.7011
      ],
      [
       -34.37491,
       35.6984
      ],
      [
       -34.36851,
       35.16053
      ],
      [
       -34.41327,
       35.00908
      ],
      [
       -34.3813,
       34.9882
      ],
      [
       -34.3813,
       34.93596
      ],
      [
       -34.54124,
       34.92037
      ],
      [
       -34.51557,
       34.82107
      ],
      [
       -34.55403,
       34.81068
      ],
      [
       -34.56042,
       34.71667
      ],
      [
       -34.59879,
       34.69579
      ],
      [
       -34.54444,
       34.66182
      ],
      [
       -34.4804,
       34.75064
      ],
      [
       -34.40048,
       34.73236
      ],
      [
       -34.43245,
       34.61747
      ],
      [
       -34.40687,
       34.59659
      ],
      [
       -34.41966,
       33.55212
      ],
      [
       -34.54444,
       33.52345
      ],
      [
       -34.62436,
       33.64093
      ],
      [
       -34.6883,
       33.66181
      ],
      [
       -34.69469,
       33.70876
      ],
      [
       -34.80019,
       33.72185
      ],
      [
       -34.84824,
       33.80277
      ],
      [
       -34.89619,
       33.82105
      ],
      [
       -35.05604,
       33.82105
      ],
      [
       -35.10728,
       33.77929
      ],
      [
       -35.15204,
       33.77929
      ],
      [
       -35.1968,
       33.82105
      ],
      [
       -35.30549,
       33.81066
      ],
      [
       -35.38551,
       33.71396
      ],
      [
       -35.38551,
       33.573
      ],
      [
       -35.43986,
       33.5652
      ],
      [
       -35.47822,
       33.49727
      ],
      [
       -35.58372,
       33.47379
      ],
      [
       -35.61578,
       33.2649
      ],
      [
       -35.71808,
       33.09257
      ],
      [
       -35.78202,
       32.84711
      ],
      [
       -35.86844,
       32.82883
      ]
     ]
    ]
   }
  },
  {
   "type": "Feature",
   "properties": {
    "id": "aurora",
    "kind": "island",
    "confidence": "attested",
    "placeholder": true
   },
   "geometry": {
    "type": "Polygon",
    "coordinates": [
     [
      [
       -46.0771,
       -52.9001
      ],
      [
       -46.3295,
       -53.1384
      ],
      [
       -46.5683,
       -53.3751
      ],
      [
       -46.8247,
       -53.6605
      ],
      [
       -47.2592,
       -53.881
      ],
      [
       -47.817,
       -53.9186
      ],
      [
       -48.3533,
       -53.8322
      ],
      [
       -48.8527,
       -53.7062
      ],
      [
       -49.2468,
       -53.4851
      ],
      [
       -49.3043,
       -53.1384
      ],
      [
       -49.0154,
       -52.812
      ],
      [
       -48.7947,
       -52.617
      ],
      [
       -48.967,
       -52.4299
      ],
      [
       -49.2965,
       -52.0984
      ],
      [
       -49.3353,
       -51.6952
      ],
      [
       -48.986,
       -51.3877
      ],
      [
       -48.4354,
       -51.2157
      ],
      [
       -47.817,
       -51.1743
      ],
      [
       -47.252,
       -51.3367
      ],
      [
       -46.9422,
       -51.6971
      ],
      [
       -46.8893,
       -52.0537
      ],
      [
       -46.7716,
       -52.2506
      ],
      [
       -46.4051,
       -52.3873
      ],
      [
       -46.0677,
       -52.617
      ],
      [
       -46.0771,
       -52.9001
      ]
     ]
    ]
   }
  },
  {
   "type": "Feature",
   "properties": {
    "id": "bacalao",
    "kind": "island",
    "confidence": "conjectural",
    "placeholder": true
   },
   "geometry": {
    "type": "Polygon",
    "coordinates": [
     [
      [
       -50.505,
       47.2294
      ],
      [
       -51.0153,
       47.1159
      ],
      [
       -51.3936,
       47.0903
      ],
      [
       -51.5058,
       46.9217
      ],
      [
       -51.6205,
       46.5431
      ],
      [
       -52.0,
       46.2028
      ],
      [
       -52.5385,
       46.1423
      ],
      [
       -53.0117,
       46.3162
      ],
      [
       -53.3832,
       46.5656
      ],
      [
       -53.6465,
       46.8578
      ],
      [
       -53.675,
       47.1968
      ],
      [
       -53.4706,
       47.5
      ],
      [
       -53.2775,
       47.7313
      ],
      [
       -53.2196,
       47.9757
      ],
      [
       -53.0983,
       48.242
      ],
      [
       -52.7572,
       48.386
      ],
      [
       -52.3444,
       48.3683
      ],
      [
       -52.0,
       48.3742
      ],
      [
       -51.5957,
       48.5193
      ],
      [
       -51.0279,
       48.6375
      ],
      [
       -50.4826,
       48.5251
      ],
      [
       -50.1738,
       48.2123
      ],
      [
       -50.0857,
       47.8465
      ],
      [
       -50.1717,
       47.5
      ],
      [
       -50.505,
       47.2294
      ]
     ]
    ]
   }
  },
  {
   "type": "Feature",
   "properties": {
    "id": "bermeja",
    "kind": "island",
    "confidence": "approximate",
    "placeholder": false,
    "traced_from": "19th-century English chart of the Gulf of Mexico (unattributed)"
   },
   "geometry": {
    "type": "Polygon",
    "coordinates": [
     [
      [
       -91.32237,
       22.50495
      ],
      [
       -91.34043,
       22.50952
      ],
      [
       -91.35928,
       22.52956
      ],
      [
       -91.37119,
       22.53293
      ],
      [
       -91.40691,
       22.55615
      ],
      [
       -91.41782,
       22.57143
      ],
      [
       -91.41981,
       22.59147
      ],
      [
       -91.4083,
       22.59505
      ],
      [
       -91.38389,
       22.59108
      ],
      [
       -91.33706,
       22.59366
      ],
      [
       -91.33388,
       22.59008
      ],
      [
       -91.33587,
       22.55655
      ],
      [
       -91.31979,
       22.51428
      ],
      [
       -91.32237,
       22.50495
      ]
     ]
    ]
   }
  },
  {
   "type": "Feature",
   "properties": {
    "id": "bradley-land",
    "kind": "island",
    "confidence": "attested",
    "placeholder": true
   },
   "geometry": {
    "type": "Polygon",
    "coordinates": [
     [
      [
       -101.2982,
       84.6842
      ],
      [
       -101.2466,
       84.5978
      ],
      [
       -101.1872,
       84.4655
      ],
      [
       -101.3175,
       84.3363
      ],
      [
       -101.6521,
       84.2956
      ],
      [
       -102.0,
       84.3543
      ],
      [
       -102.2344,
       84.4438
      ],
      [
       -102.3846,
       84.5168
      ],
      [
       -102.4829,
       84.581
      ],
      [
       -102.5368,
       84.6415
      ],
      [
       -102.6335,
       84.6906
      ],
      [
       -102.8485,
       84.75
      ],
      [
       -103.056,
       84.849
      ],
      [
       -103.0407,
       84.9603
      ],
      [
       -102.7948,
       85.0282
      ],
      [
       -102.5033,
       85.0551
      ],
      [
       -102.2576,
       85.0865
      ],
      [
       -102.0,
       85.1193
      ],
      [
       -101.7293,
       85.1036
      ],
      [
       -101.5347,
       85.0321
      ],
      [
       -101.4238,
       84.9517
      ],
      [
       -101.3245,
       84.8865
      ],
      [
       -101.2502,
       84.8203
      ],
      [
       -101.2628,
       84.75
      ],
      [
       -101.2982,
       84.6842
      ]
     ]
    ]
   }
  },
  {
   "type": "Feature",
   "properties": {
    "id": "buss",
    "kind": "island",
    "confidence": "approximate",
    "placeholder": true
   },
   "geometry": {
    "type": "Polygon",
    "coordinates": [
     [
      [
       -23.871,
       56.8352
      ],
      [
       -24.0807,
       56.7109
      ],
      [
       -23.9496,
       56.4279
      ],
      [
       -23.9608,
       56.0197
      ],
      [
       -24.3675,
       55.7143
      ],
      [
       -25.0,
       55.6134
      ],
      [
       -25.6652,
       55.648
      ],
      [
       -26.2722,
       55.7998
      ],
      [
       -26.6376,
       56.1081
      ],
      [
       -26.6392,
       56.4846
      ],
      [
       -26.5232,
       56.7777
      ],
      [
       -26.618,
       57.0
      ],
      [
       -26.8028,
       57.2631
      ],
      [
       -26.6925,
       57.5322
      ],
      [
       -26.2624,
       57.6876
      ],
      [
       -25.8267,
       57.7798
      ],
      [
       -25.4739,
       57.9633
      ],
      [
       -25.0,
       58.2033
      ],
      [
       -24.3598,
       58.3013
      ],
      [
       -23.7408,
       58.1878
      ],
      [
       -23.2379,
       57.9597
      ],
      [
       -22.8745,
       57.6683
      ],
      [
       -22.8491,
       57.3139
      ],
      [
       -23.2944,
       57.0
      ],
      [
       -23.871,
       56.8352
      ]
     ]
    ]
   }
  },
  {
   "type": "Feature",
   "properties": {
    "id": "californie",
    "kind": "misdrawn",
    "confidence": "approximate",
    "placeholder": true
   },
   "geometry": {
    "type": "Polygon",
    "coordinates": [
     [
      [
       -109.8399,
       27.0158
      ],
      [
       -110.9174,
       26.4286
      ],
      [
       -111.8266,
       26.081
      ],
      [
       -112.426,
       25.5929
      ],
      [
       -113.1287,
       25.129
      ],
      [
       -114.0,
       25.1551
      ],
      [
       -114.7265,
       25.6059
      ],
      [
       -115.313,
       25.9921
      ],
      [
       -116.0304,
       26.2073
      ],
      [
       -116.8006,
       26.5724
      ],
      [
       -117.3386,
       27.2101
      ],
      [
       -117.7233,
       28.0
      ],
      [
       -118.1098,
       28.9723
      ],
      [
       -118.1058,
       30.093
      ],
      [
       -117.2261,
       30.8485
      ],
      [
       -115.7992,
       30.7516
      ],
      [
       -114.648,
       30.1353
      ],
      [
       -114.0,
       29.783
      ],
      [
       -113.4249,
       29.8952
      ],
      [
       -112.6678,
       30.0374
      ],
      [
       -111.8197,
       29.9251
      ],
      [
       -110.8731,
       29.594
      ],
      [
       -109.8808,
       28.9746
      ],
      [
       -109.3739,
       28.0
      ],
      [
       -109.8399,
       27.0158
      ]
     ]
    ]
   }
  },
  {
   "type": "Feature",
   "properties": {
    "id": "coree",
    "kind": "misdrawn",
    "confidence": "approximate",
    "placeholder": true
   },
   "geometry": {
    "type": "Polygon",
    "coordinates": [
     [
      [
       130.9528,
       36.2611
      ],
      [
       129.7561,
       35.9597
      ],
      [
       128.9054,
       35.8776
      ],
      [
       128.6775,
       35.3711
      ],
      [
       128.3985,
       34.3221
      ],
      [
       127.5,
       33.4141
      ],
      [
       126.2318,
       33.2199
      ],
      [
       125.0533,
       33.6156
      ],
      [
       124.1168,
       34.2981
      ],
      [
       123.6274,
       35.2144
      ],
      [
       123.8776,
       36.2248
      ],
      [
       124.5822,
       37.0
      ],
      [
       124.9684,
       37.5418
      ],
      [
       124.8623,
       38.2162
      ],
      [
       124.942,
       39.0429
      ],
      [
       125.6423,
       39.5697
      ],
      [
       126.6068,
       39.6622
      ],
      [
       127.5,
       39.7492
      ],
      [
       128.5172,
       40.0317
      ],
      [
       129.7407,
       40.0996
      ],
      [
       130.7782,
       39.618
      ],
      [
       131.3827,
       38.7903
      ],
      [
       131.7047,
       37.8998
      ],
      [
       131.6754,
       37.0
      ],
      [
       130.9528,
       36.2611
      ]
     ]
    ]
   }
  },
  {
   "type": "Feature",
   "properties": {
    "id": "crocker-land",
    "kind": "island",
    "confidence": "attested",
    "placeholder": true
   },
   "geometry": {
    "type": "Polygon",
    "coordinates": [
     [
      [
       -99.0689,
       82.9127
      ],
      [
       -99.4248,
       82.8838
      ],
      [
       -99.6475,
       82.8766
      ],
      [
       -99.7092,
       82.8237
      ],
      [
       -99.7915,
       82.7276
      ],
      [
       -100.0,
       82.6508
      ],
      [
       -100.2878,
       82.624
      ],
      [
       -100.6019,
       82.6351
      ],
      [
       -100.8935,
       82.6873
      ],
      [
       -101.0363,
       82.7906
      ],
      [
       -100.952,
       82.9107
      ],
      [
       -100.7781,
       83.0
      ],
      [
       -100.7102,
       83.0666
      ],
      [
       -100.7216,
       83.1458
      ],
      [
       -100.6373,
       83.2231
      ],
      [
       -100.4254,
       83.2579
      ],
      [
       -100.202,
       83.2639
      ],
      [
       -100.0,
       83.288
      ],
      [
       -99.7515,
       83.3246
      ],
      [
       -99.4649,
       83.3244
      ],
      [
       -99.2165,
       83.2742
      ],
      [
       -99.0106,
       83.1999
      ],
      [
       -98.8413,
       83.1087
      ],
      [
       -98.8272,
       83.0
      ],
      [
       -99.0689,
       82.9127
      ]
     ]
    ]
   }
  },
  {
   "type": "Feature",
   "properties": {
    "id": "dos-romeiros",
    "kind": "island",
    "confidence": "conjectural",
    "placeholder": true
   },
   "geometry": {
    "type": "Polygon",
    "coordinates": [
     [
      [
       58.0413,
       -26.2508
      ],
      [
       57.8597,
       -26.4461
      ],
      [
       57.7272,
       -26.6536
      ],
      [
       57.5623,
       -26.8753
      ],
      [
       57.2993,
       -27.0038
      ],
      [
       57.0,
       -27.0361
      ],
      [
       56.6714,
       -27.1023
      ],
      [
       56.2338,
       -27.1929
      ],
      [
       55.7774,
       -27.0988
      ],
      [
       55.5808,
       -26.7365
      ],
      [
       55.7398,
       -26.3035
      ],
      [
       56.0208,
       -26.0
      ],
      [
       56.1965,
       -25.8065
      ],
      [
       56.2906,
       -25.6319
      ],
      [
       56.3949,
       -25.4561
      ],
      [
       56.5085,
       -25.2349
      ],
      [
       56.6724,
       -24.9011
      ],
      [
       57.0,
       -24.5703
      ],
      [
       57.4441,
       -24.5103
      ],
      [
       57.7756,
       -24.7926
      ],
      [
       57.9067,
       -25.185
      ],
      [
       57.9952,
       -25.4836
      ],
      [
       58.129,
       -25.7281
      ],
      [
       58.1729,
       -26.0
      ],
      [
       58.0413,
       -26.2508
      ]
     ]
    ]
   }
  },
  {
   "type": "Feature",
   "properties": {
    "id": "dougherty",
    "kind": "island",
    "confidence": "attested",
    "placeholder": true
   },
   "geometry": {
    "type": "Polygon",
    "coordinates": [
     [
      [
       -117.6872,
       -59.6946
      ],
      [
       -118.0867,
       -59.9945
      ],
      [
       -118.779,
       -60.1256
      ],
      [
       -119.4448,
       -60.1176
      ],
      [
       -119.8996,
       -60.1581
      ],
      [
       -120.333,
       -60.3025
      ],
      [
       -120.8739,
       -60.3627
      ],
      [
       -121.3259,
       -60.2101
      ],
      [
       -121.5916,
       -59.9749
      ],
      [
       -121.9252,
       -59.8019
      ],
      [
       -122.4627,
       -59.6241
      ],
      [
       -122.9009,
       -59.333
      ],
      [
       -122.9363,
       -58.9772
      ],
      [
       -122.6495,
       -58.6508
      ],
      [
       -122.2063,
       -58.3775
      ],
      [
       -121.586,
       -58.2261
      ],
      [
       -120.8639,
       -58.3225
      ],
      [
       -120.333,
       -58.6056
      ],
      [
       -120.0477,
       -58.79
      ],
      [
       -119.6469,
       -58.7268
      ],
      [
       -118.9189,
       -58.6117
      ],
      [
       -118.1628,
       -58.6939
      ],
      [
       -117.7289,
       -58.9771
      ],
      [
       -117.6012,
       -59.333
      ],
      [
       -117.6872,
       -59.6946
      ]
     ]
    ]
   }
  },
  {
   "type": "Feature",
   "properties": {
    "id": "elizabeth",
    "kind": "island",
    "confidence": "approximate",
    "placeholder": true
   },
   "geometry": {
    "type": "Polygon",
    "coordinates": [
     [
      [
       -68.2339,
       -57.2577
      ],
      [
       -68.3046,
       -57.5331
      ],
      [
       -68.7133,
       -57.7008
      ],
      [
       -69.1958,
       -57.7586
      ],
      [
       -69.5742,
       -57.8655
      ],
      [
       -70.0,
       -58.0597
      ],
      [
       -70.5808,
       -58.1806
      ],
      [
       -71.1934,
       -58.1258
      ],
      [
       -71.7563,
       -57.9566
      ],
      [
       -72.264,
       -57.7119
      ],
      [
       -72.4949,
       -57.3641
      ],
      [
       -72.1625,
       -57.0
      ],
      [
       -71.4515,
       -56.7882
      ],
      [
       -70.9358,
       -56.7057
      ],
      [
       -70.8443,
       -56.5402
      ],
      [
       -70.8277,
       -56.2192
      ],
      [
       -70.5375,
       -55.9075
      ],
      [
       -70.0,
       -55.7369
      ],
      [
       -69.3521,
       -55.683
      ],
      [
       -68.6731,
       -55.7483
      ],
      [
       -68.1748,
       -56.0059
      ],
      [
       -68.0942,
       -56.4007
      ],
      [
       -68.2865,
       -56.7499
      ],
      [
       -68.3487,
       -57.0
      ],
      [
       -68.2339,
       -57.2577
      ]
     ]
    ]
   }
  },
  {
   "type": "Feature",
   "properties": {
    "id": "emerald",
    "kind": "island",
    "confidence": "attested",
    "placeholder": true
   },
   "geometry": {
    "type": "Polygon",
    "coordinates": [
     [
      [
       164.8436,
       -57.8806
      ],
      [
       164.3588,
       -58.1697
      ],
      [
       163.828,
       -58.3747
      ],
      [
       163.2628,
       -58.4891
      ],
      [
       162.6765,
       -58.4555
      ],
      [
       162.2,
       -58.3435
      ],
      [
       161.7945,
       -58.3132
      ],
      [
       161.2851,
       -58.3514
      ],
      [
       160.7595,
       -58.274
      ],
      [
       160.4966,
       -58.0284
      ],
      [
       160.4507,
       -57.7518
      ],
      [
       160.2788,
       -57.5
      ],
      [
       159.9577,
       -57.1772
      ],
      [
       159.8941,
       -56.7847
      ],
      [
       160.315,
       -56.4872
      ],
      [
       160.9893,
       -56.3733
      ],
      [
       161.6401,
       -56.3772
      ],
      [
       162.2,
       -56.4703
      ],
      [
       162.6048,
       -56.6883
      ],
      [
       162.802,
       -56.9397
      ],
      [
       163.037,
       -57.0503
      ],
      [
       163.6507,
       -57.05
      ],
      [
       164.4927,
       -57.1699
      ],
      [
       164.9817,
       -57.5
      ],
      [
       164.8436,
       -57.8806
      ]
     ]
    ]
   }
  },
  {
   "type": "Feature",
   "properties": {
    "id": "ernest-legouve",
    "kind": "reef",
    "confidence": "attested",
    "placeholder": true
   },
   "geometry": {
    "type": "Point",
    "coordinates": [
     -150.667,
     -35.2
    ]
   }
  },
  {
   "type": "Feature",
   "properties": {
    "id": "frisland",
    "kind": "island",
    "confidence": "conjectural",
    "placeholder": false,
    "traced_from": "Frisland, plate from an Italian atlas, 1562 (BnF btv1b53093871d)"
   },
   "geometry": {
    "type": "MultiPolygon",
    "coordinates": [
     [
      [
       [
        -29.5465,
        61.3616
       ],
       [
        -29.6527,
        61.3616
       ],
       [
        -29.6815,
        61.3657
       ],
       [
        -29.7148,
        61.3802
       ],
       [
        -29.7704,
        61.4243
       ],
       [
        -29.7689,
        61.4794
       ],
       [
        -29.7751,
        61.4973
       ],
       [
        -29.7699,
        61.5207
       ],
       [
        -29.7847,
        61.5331
       ],
       [
        -29.8358,
        61.5558
       ],
       [
        -29.8561,
        61.5599
       ],
       [
        -29.8734,
        61.5586
       ],
       [
        -29.8862,
        61.5524
       ],
       [
        -29.897,
        61.5262
       ],
       [
        -29.9155,
        61.5186
       ],
       [
        -29.9959,
        61.509
       ],
       [
        -30.0306,
        61.5104
       ],
       [
        -30.0974,
        61.5241
       ],
       [
        -30.1608,
        61.5228
       ],
       [
        -30.2071,
        61.5283
       ],
       [
        -30.2203,
        61.5345
       ],
       [
        -30.2237,
        61.5455
       ],
       [
        -30.1451,
        61.6061
       ],
       [
        -30.146,
        61.6295
       ],
       [
        -30.1829,
        61.6509
       ],
       [
        -30.3201,
        61.6756
       ],
       [
        -30.3606,
        61.6743
       ],
       [
        -30.4032,
        61.655
       ],
       [
        -30.4404,
        61.6453
       ],
       [
        -30.4616,
        61.635
       ],
       [
        -30.4664,
        61.6144
       ],
       [
        -30.4509,
        61.5909
       ],
       [
        -30.4502,
        61.5772
       ],
       [
        -30.4656,
        61.5668
       ],
       [
        -30.4828,
        61.5641
       ],
       [
        -30.5403,
        61.5586
       ],
       [
        -30.6271,
        61.5613
       ],
       [
        -30.665,
        61.5682
       ],
       [
        -30.7501,
        61.593
       ],
       [
        -30.782,
        61.5944
       ],
       [
        -30.8033,
        61.5868
       ],
       [
        -30.8141,
        61.5744
       ],
       [
        -30.8325,
        61.5682
       ],
       [
        -30.8994,
        61.5765
       ],
       [
        -30.9283,
        61.5765
       ],
       [
        -30.9655,
        61.571
       ],
       [
        -31.0348,
        61.5696
       ],
       [
        -31.0714,
        61.5558
       ],
       [
        -31.103,
        61.5531
       ],
       [
        -31.2023,
        61.5696
       ],
       [
        -31.2427,
        61.5696
       ],
       [
        -31.3162,
        61.5475
       ],
       [
        -31.3534,
        61.5434
       ],
       [
        -31.3939,
        61.5448
       ],
       [
        -31.4133,
        61.5537
       ],
       [
        -31.4112,
        61.5634
       ],
       [
        -31.3705,
        61.5978
       ],
       [
        -31.3524,
        61.6068
       ],
       [
        -31.2216,
        61.6385
       ],
       [
        -31.1953,
        61.6543
       ],
       [
        -31.1712,
        61.6832
       ],
       [
        -31.0877,
        61.7128
       ],
       [
        -31.0132,
        61.7493
       ],
       [
        -30.9889,
        61.7783
       ],
       [
        -30.973,
        61.8471
       ],
       [
        -30.9738,
        61.8595
       ],
       [
        -30.9832,
        61.8692
       ],
       [
        -31.0286,
        61.894
       ],
       [
        -31.0233,
        61.9463
       ],
       [
        -31.015,
        61.9546
       ],
       [
        -30.988,
        61.9663
       ],
       [
        -30.9447,
        61.9745
       ],
       [
        -30.9152,
        61.9945
       ],
       [
        -30.8909,
        62.0048
       ],
       [
        -30.8617,
        62.0062
       ],
       [
        -30.7936,
        61.9938
       ],
       [
        -30.7643,
        61.9938
       ],
       [
        -30.7296,
        62.0007
       ],
       [
        -30.6554,
        62.0365
       ],
       [
        -30.6321,
        62.0407
       ],
       [
        -30.5794,
        62.042
       ],
       [
        -30.5504,
        62.0489
       ],
       [
        -30.4431,
        62.1061
       ],
       [
        -30.432,
        62.1199
       ],
       [
        -30.4329,
        62.1378
       ],
       [
        -30.4497,
        62.1818
       ],
       [
        -30.4252,
        62.2245
       ],
       [
        -30.4238,
        62.2576
       ],
       [
        -30.4363,
        62.2714
       ],
       [
        -30.479,
        62.2989
       ],
       [
        -30.4828,
        62.3155
       ],
       [
        -30.4369,
        62.4091
       ],
       [
        -30.4524,
        62.4215
       ],
       [
        -30.4995,
        62.4429
       ],
       [
        -30.5296,
        62.4498
       ],
       [
        -30.5443,
        62.447
       ],
       [
        -30.5789,
        62.4277
       ],
       [
        -30.6461,
        62.4057
       ],
       [
        -30.6697,
        62.4029
       ],
       [
        -30.6923,
        62.4105
       ],
       [
        -30.7144,
        62.4325
       ],
       [
        -30.7492,
        62.4442
       ],
       [
        -30.7759,
        62.4429
       ],
       [
        -30.8285,
        62.4277
       ],
       [
        -30.8493,
        62.4277
       ],
       [
        -30.9015,
        62.4553
       ],
       [
        -30.9226,
        62.4594
       ],
       [
        -30.9612,
        62.458
       ],
       [
        -31.0196,
        62.4429
       ],
       [
        -31.0404,
        62.4429
       ],
       [
        -31.1015,
        62.4663
       ],
       [
        -31.1553,
        62.469
       ],
       [
        -31.1876,
        62.4635
       ],
       [
        -31.2428,
        62.4456
       ],
       [
        -31.2842,
        62.4429
       ],
       [
        -31.3719,
        62.4621
       ],
       [
        -31.4621,
        62.4745
       ],
       [
        -31.552,
        62.4814
       ],
       [
        -31.5915,
        62.4911
       ],
       [
        -31.6212,
        62.5069
       ],
       [
        -31.6544,
        62.5455
       ],
       [
        -31.7106,
        62.573
       ],
       [
        -31.7459,
        62.5992
       ],
       [
        -31.7595,
        62.6171
       ],
       [
        -31.7576,
        62.6295
       ],
       [
        -31.7307,
        62.6453
       ],
       [
        -31.6717,
        62.655
       ],
       [
        -31.6442,
        62.6653
       ],
       [
        -31.6262,
        62.6984
       ],
       [
        -31.5876,
        62.7369
       ],
       [
        -31.5716,
        62.7431
       ],
       [
        -31.5475,
        62.7418
       ],
       [
        -31.5272,
        62.7328
       ],
       [
        -31.5078,
        62.7163
       ],
       [
        -31.4753,
        62.7046
       ],
       [
        -31.391,
        62.7004
       ],
       [
        -31.3555,
        62.706
       ],
       [
        -31.3263,
        62.717
       ],
       [
        -31.2878,
        62.7425
       ],
       [
        -31.2863,
        62.7617
       ],
       [
        -31.3097,
        62.792
       ],
       [
        -31.3691,
        62.8196
       ],
       [
        -31.364,
        62.832
       ],
       [
        -31.3479,
        62.8368
       ],
       [
        -31.3087,
        62.8368
       ],
       [
        -31.2051,
        62.8203
       ],
       [
        -31.1629,
        62.8203
       ],
       [
        -31.1333,
        62.8272
       ],
       [
        -31.0823,
        62.8513
       ],
       [
        -31.0655,
        62.8692
       ],
       [
        -31.0666,
        62.8843
       ],
       [
        -31.0894,
        62.9091
       ],
       [
        -31.0847,
        62.927
       ],
       [
        -31.0655,
        62.9332
       ],
       [
        -31.0383,
        62.9332
       ],
       [
        -30.9704,
        62.9126
       ],
       [
        -30.9344,
        62.9153
       ],
       [
        -30.9126,
        62.9284
       ],
       [
        -30.8986,
        62.9463
       ],
       [
        -30.9046,
        62.9918
       ],
       [
        -30.8989,
        62.9973
       ],
       [
        -30.8826,
        63.0035
       ],
       [
        -30.8615,
        63.0048
       ],
       [
        -30.7789,
        62.9911
       ],
       [
        -30.7458,
        62.9938
       ],
       [
        -30.7295,
        63.0014
       ],
       [
        -30.724,
        63.0097
       ],
       [
        -30.7229,
        63.0427
       ],
       [
        -30.73,
        63.0606
       ],
       [
        -30.7215,
        63.0703
       ],
       [
        -30.6932,
        63.0792
       ],
       [
        -30.6689,
        63.0792
       ],
       [
        -30.629,
        63.0723
       ],
       [
        -30.6017,
        63.0723
       ],
       [
        -30.5747,
        63.0792
       ],
       [
        -30.544,
        63.1006
       ],
       [
        -30.5485,
        63.1281
       ],
       [
        -30.5429,
        63.1378
       ],
       [
        -30.5118,
        63.1536
       ],
       [
        -30.4666,
        63.1633
       ],
       [
        -30.4361,
        63.1633
       ],
       [
        -30.39,
        63.155
       ],
       [
        -30.2974,
        63.1261
       ],
       [
        -30.2639,
        63.1261
       ],
       [
        -30.2459,
        63.1302
       ],
       [
        -30.2235,
        63.1405
       ],
       [
        -30.1881,
        63.1681
       ],
       [
        -30.1571,
        63.2314
       ],
       [
        -30.1159,
        63.2714
       ],
       [
        -30.1102,
        63.2824
       ],
       [
        -30.1134,
        63.3637
       ],
       [
        -30.0989,
        63.3871
       ],
       [
        -30.0661,
        63.4119
       ],
       [
        -30.0634,
        63.4229
       ],
       [
        -30.1073,
        63.4449
       ],
       [
        -30.1111,
        63.4642
       ],
       [
        -30.1208,
        63.4752
       ],
       [
        -30.1725,
        63.4966
       ],
       [
        -30.2064,
        63.498
       ],
       [
        -30.2738,
        63.4897
       ],
       [
        -30.3293,
        63.4897
       ],
       [
        -30.3652,
        63.5
       ],
       [
        -30.3748,
        63.5083
       ],
       [
        -30.3824,
        63.5372
       ],
       [
        -30.4303,
        63.5689
       ],
       [
        -30.4537,
        63.6047
       ],
       [
        -30.4859,
        63.6281
       ],
       [
        -30.5027,
        63.6529
       ],
       [
        -30.5267,
        63.6674
       ],
       [
        -30.5581,
        63.6743
       ],
       [
        -30.5982,
        63.6715
       ],
       [
        -30.6359,
        63.6529
       ],
       [
        -30.6561,
        63.6267
       ],
       [
        -30.6547,
        63.6033
       ],
       [
        -30.6444,
        63.5854
       ],
       [
        -30.6464,
        63.5661
       ],
       [
        -30.6688,
        63.5531
       ],
       [
        -30.6993,
        63.5475
       ],
       [
        -30.7799,
        63.5531
       ],
       [
        -30.8555,
        63.5765
       ],
       [
        -30.8894,
        63.5751
       ],
       [
        -30.9286,
        63.5599
       ],
       [
        -30.9652,
        63.5531
       ],
       [
        -30.9991,
        63.5531
       ],
       [
        -31.0833,
        63.5641
       ],
       [
        -31.1053,
        63.5696
       ],
       [
        -31.1264,
        63.5827
       ],
       [
        -31.1455,
        63.6309
       ],
       [
        -31.1753,
        63.6571
       ],
       [
        -31.2183,
        63.6715
       ],
       [
        -31.2648,
        63.6715
       ],
       [
        -31.3265,
        63.6488
       ],
       [
        -31.3436,
        63.6309
       ],
       [
        -31.3389,
        63.6116
       ],
       [
        -31.3051,
        63.5758
       ],
       [
        -31.3039,
        63.5606
       ],
       [
        -31.3123,
        63.551
       ],
       [
        -31.3643,
        63.5255
       ],
       [
        -31.4224,
        63.52
       ],
       [
        -31.4733,
        63.5021
       ],
       [
        -31.5009,
        63.5007
       ],
       [
        -31.5639,
        63.5331
       ],
       [
        -31.5882,
        63.5634
       ],
       [
        -31.6733,
        63.6144
       ],
       [
        -31.6934,
        63.6309
       ],
       [
        -31.7218,
        63.6681
       ],
       [
        -31.7219,
        63.7011
       ],
       [
        -31.7883,
        63.7452
       ],
       [
        -31.7937,
        63.7686
       ],
       [
        -31.8124,
        63.8003
       ],
       [
        -31.8118,
        63.8251
       ],
       [
        -31.7898,
        63.8396
       ],
       [
        -31.7556,
        63.8409
       ],
       [
        -31.6799,
        63.8313
       ],
       [
        -31.6029,
        63.8079
       ],
       [
        -31.5751,
        63.8106
       ],
       [
        -31.5465,
        63.8223
       ],
       [
        -31.532,
        63.8334
       ],
       [
        -31.5257,
        63.8678
       ],
       [
        -31.4701,
        63.9277
       ],
       [
        -31.3868,
        63.9415
       ],
       [
        -31.3336,
        63.9415
       ],
       [
        -31.2847,
        63.9566
       ],
       [
        -31.2255,
        63.9608
       ],
       [
        -31.2089,
        63.9683
       ],
       [
        -31.192,
        63.9931
       ],
       [
        -31.1932,
        64.0083
       ],
       [
        -31.2067,
        64.0193
       ],
       [
        -31.2717,
        64.0469
       ],
       [
        -31.2829,
        64.0689
       ],
       [
        -31.2748,
        64.0854
       ],
       [
        -31.2746,
        64.1212
       ],
       [
        -31.2394,
        64.1529
       ],
       [
        -31.2253,
        64.175
       ],
       [
        -31.2055,
        64.1839
       ],
       [
        -31.1739,
        64.1825
       ],
       [
        -31.1249,
        64.1619
       ],
       [
        -31.0927,
        64.1536
       ],
       [
        -31.058,
        64.1536
       ],
       [
        -30.9896,
        64.1674
       ],
       [
        -30.9432,
        64.2025
       ],
       [
        -30.9078,
        64.2156
       ],
       [
        -30.8826,
        64.217
       ],
       [
        -30.8506,
        64.2115
       ],
       [
        -30.7987,
        64.1908
       ],
       [
        -30.7698,
        64.1839
       ],
       [
        -30.71,
        64.1867
       ],
       [
        -30.6356,
        64.2101
       ],
       [
        -30.5946,
        64.2115
       ],
       [
        -30.569,
        64.2073
       ],
       [
        -30.5416,
        64.197
       ],
       [
        -30.5151,
        64.175
       ],
       [
        -30.4876,
        64.1619
       ],
       [
        -30.3981,
        64.1398
       ],
       [
        -30.3601,
        64.1357
       ],
       [
        -30.3318,
        64.1371
       ],
       [
        -30.3069,
        64.144
       ],
       [
        -30.2219,
        64.1832
       ],
       [
        -30.2162,
        64.1956
       ],
       [
        -30.2306,
        64.2004
       ],
       [
        -30.2719,
        64.2046
       ],
       [
        -30.2897,
        64.2149
       ],
       [
        -30.2841,
        64.2301
       ],
       [
        -30.2536,
        64.2548
       ],
       [
        -30.2574,
        64.2686
       ],
       [
        -30.3515,
        64.3141
       ],
       [
        -30.3815,
        64.343
       ],
       [
        -30.4209,
        64.3678
       ],
       [
        -30.423,
        64.4091
       ],
       [
        -30.4364,
        64.4215
       ],
       [
        -30.4837,
        64.4429
       ],
       [
        -30.529,
        64.4553
       ],
       [
        -30.5472,
        64.467
       ],
       [
        -30.5592,
        64.5083
       ],
       [
        -30.5587,
        64.5565
       ],
       [
        -30.5858,
        64.5813
       ],
       [
        -30.6417,
        64.6061
       ],
       [
        -30.6623,
        64.6281
       ],
       [
        -30.667,
        64.6529
       ],
       [
        -30.6436,
        64.6633
       ],
       [
        -30.6208,
        64.6591
       ],
       [
        -30.5617,
        64.6371
       ],
       [
        -30.4904,
        64.6247
       ],
       [
        -30.3492,
        64.6247
       ],
       [
        -30.3111,
        64.6316
       ],
       [
        -30.264,
        64.6536
       ],
       [
        -30.2164,
        64.6674
       ],
       [
        -30.1654,
        64.6784
       ],
       [
        -30.13,
        64.677
       ],
       [
        -30.1084,
        64.6598
       ],
       [
        -30.1191,
        64.6061
       ],
       [
        -30.1087,
        64.5882
       ],
       [
        -30.0617,
        64.5737
       ],
       [
        -29.9493,
        64.5641
       ],
       [
        -29.9138,
        64.5572
       ],
       [
        -29.8892,
        64.5386
       ],
       [
        -29.8887,
        64.5248
       ],
       [
        -29.901,
        64.5083
       ],
       [
        -29.9005,
        64.4931
       ],
       [
        -29.8906,
        64.4849
       ],
       [
        -29.8632,
        64.4759
       ],
       [
        -29.7607,
        64.4621
       ],
       [
        -29.73,
        64.4463
       ],
       [
        -29.7134,
        64.4201
       ],
       [
        -29.6701,
        64.4071
       ],
       [
        -29.6192,
        64.4084
       ],
       [
        -29.6018,
        64.416
       ],
       [
        -29.5833,
        64.4422
       ],
       [
        -29.5596,
        64.4525
       ],
       [
        -29.5024,
        64.4621
       ],
       [
        -29.4818,
        64.4697
       ],
       [
        -29.4693,
        64.4849
       ],
       [
        -29.4698,
        64.5152
       ],
       [
        -29.4572,
        64.5276
       ],
       [
        -29.3602,
        64.5641
       ],
       [
        -29.3282,
        64.5668
       ],
       [
        -29.3041,
        64.5579
       ],
       [
        -29.2879,
        64.54
       ],
       [
        -29.2941,
        64.5207
       ],
       [
        -29.3194,
        64.5
       ],
       [
        -29.2998,
        64.4642
       ],
       [
        -29.3219,
        64.438
       ],
       [
        -29.3217,
        64.427
       ],
       [
        -29.3073,
        64.4222
       ],
       [
        -29.2627,
        64.4181
       ],
       [
        -29.2388,
        64.4091
       ],
       [
        -29.2259,
        64.3981
       ],
       [
        -29.2194,
        64.3774
       ],
       [
        -29.1923,
        64.3657
       ],
       [
        -29.1446,
        64.3644
       ],
       [
        -29.097,
        64.3823
       ],
       [
        -29.0684,
        64.3864
       ],
       [
        -29.0525,
        64.385
       ],
       [
        -28.9984,
        64.3699
       ],
       [
        -28.9253,
        64.3767
       ],
       [
        -28.8918,
        64.3885
       ],
       [
        -28.8822,
        64.4133
       ],
       [
        -28.8662,
        64.427
       ],
       [
        -28.8455,
        64.436
       ],
       [
        -28.8231,
        64.4401
       ],
       [
        -28.7817,
        64.436
       ],
       [
        -28.7278,
        64.4153
       ],
       [
        -28.6801,
        64.4057
       ],
       [
        -28.5814,
        64.4071
       ],
       [
        -28.5465,
        64.4015
       ],
       [
        -28.5198,
        64.3829
       ],
       [
        -28.5109,
        64.3471
       ],
       [
        -28.5238,
        64.3334
       ],
       [
        -28.5654,
        64.3113
       ],
       [
        -28.5688,
        64.2989
       ],
       [
        -28.5626,
        64.292
       ],
       [
        -28.4997,
        64.2645
       ],
       [
        -28.4719,
        64.2273
       ],
       [
        -28.4753,
        64.2108
       ],
       [
        -28.4979,
        64.1846
       ],
       [
        -28.5078,
        64.1612
       ],
       [
        -28.496,
        64.1157
       ],
       [
        -28.5122,
        64.0937
       ],
       [
        -28.5124,
        64.0785
       ],
       [
        -28.5,
        64.0689
       ],
       [
        -28.4486,
        64.0462
       ],
       [
        -28.4205,
        64.0393
       ],
       [
        -28.3921,
        64.042
       ],
       [
        -28.3319,
        64.0627
       ],
       [
        -28.3006,
        64.0599
       ],
       [
        -28.2773,
        64.0496
       ],
       [
        -28.2682,
        64.0372
       ],
       [
        -28.2666,
        63.978
       ],
       [
        -28.3055,
        63.9243
       ],
       [
        -28.3096,
        63.8871
       ],
       [
        -28.3005,
        63.8747
       ],
       [
        -28.2514,
        63.843
       ],
       [
        -28.218,
        63.8113
       ],
       [
        -28.1949,
        63.7996
       ],
       [
        -28.1733,
        63.7941
       ],
       [
        -28.0491,
        63.7817
       ],
       [
        -27.9963,
        63.7803
       ],
       [
        -27.965,
        63.7845
       ],
       [
        -27.9083,
        63.8024
       ],
       [
        -27.8676,
        63.8079
       ],
       [
        -27.8469,
        63.8182
       ],
       [
        -27.8392,
        63.854
       ],
       [
        -27.8119,
        63.8726
       ],
       [
        -27.7706,
        63.8878
       ],
       [
        -27.7011,
        63.9057
       ],
       [
        -27.6697,
        63.9071
       ],
       [
        -27.6171,
        63.896
       ],
       [
        -27.5732,
        63.8988
       ],
       [
        -27.5333,
        63.916
       ],
       [
        -27.5,
        63.9532
       ],
       [
        -27.3885,
        63.9863
       ],
       [
        -27.3819,
        63.9918
       ],
       [
        -27.3834,
        64.0207
       ],
       [
        -27.4031,
        64.0324
       ],
       [
        -27.4386,
        64.0441
       ],
       [
        -27.4533,
        64.062
       ],
       [
        -27.449,
        64.0827
       ],
       [
        -27.4228,
        64.1006
       ],
       [
        -27.4283,
        64.1157
       ],
       [
        -27.4604,
        64.1329
       ],
       [
        -27.4888,
        64.1316
       ],
       [
        -27.527,
        64.1247
       ],
       [
        -27.5522,
        64.1247
       ],
       [
        -27.5754,
        64.1323
       ],
       [
        -27.5844,
        64.1419
       ],
       [
        -27.5868,
        64.1571
       ],
       [
        -27.5725,
        64.1901
       ],
       [
        -27.5611,
        64.1963
       ],
       [
        -27.5325,
        64.1991
       ],
       [
        -27.4937,
        64.1874
       ],
       [
        -27.4672,
        64.1515
       ],
       [
        -27.4475,
        64.1385
       ],
       [
        -27.4255,
        64.1371
       ],
       [
        -27.3969,
        64.1412
       ],
       [
        -27.3546,
        64.1633
       ],
       [
        -27.3355,
        64.166
       ],
       [
        -27.2817,
        64.1674
       ],
       [
        -27.2381,
        64.1591
       ],
       [
        -27.1492,
        64.1206
       ],
       [
        -27.0497,
        64.1013
       ],
       [
        -27.036,
        64.0951
       ],
       [
        -27.0307,
        64.0813
       ],
       [
        -27.0484,
        64.0524
       ],
       [
        -27.0497,
        64.0345
       ],
       [
        -27.0274,
        64.0159
       ],
       [
        -26.9967,
        64.0062
       ],
       [
        -26.9626,
        64.0007
       ],
       [
        -26.9313,
        64.0007
       ],
       [
        -26.8959,
        64.0117
       ],
       [
        -26.8675,
        64.0145
       ],
       [
        -26.8507,
        64.0083
       ],
       [
        -26.8367,
        63.9863
       ],
       [
        -26.8081,
        63.9718
       ],
       [
        -26.7774,
        63.9635
       ],
       [
        -26.7246,
        63.958
       ],
       [
        -26.7047,
        63.9518
       ],
       [
        -26.6995,
        63.9394
       ],
       [
        -26.7173,
        63.9318
       ],
       [
        -26.8016,
        63.9346
       ],
       [
        -26.8556,
        63.9236
       ],
       [
        -26.8798,
        63.9146
       ],
       [
        -26.9417,
        63.8802
       ],
       [
        -26.9715,
        63.8568
       ],
       [
        -26.9856,
        63.8347
       ],
       [
        -26.9912,
        63.7989
       ],
       [
        -27.0085,
        63.7755
       ],
       [
        -26.9938,
        63.7631
       ],
       [
        -26.9411,
        63.739
       ],
       [
        -26.9168,
        63.7321
       ],
       [
        -26.8213,
        63.7211
       ],
       [
        -26.7792,
        63.7431
       ],
       [
        -26.735,
        63.7514
       ],
       [
        -26.6598,
        63.7583
       ],
       [
        -26.6407,
        63.7638
       ],
       [
        -26.6129,
        63.7796
       ],
       [
        -26.5694,
        63.8155
       ],
       [
        -26.5517,
        63.8217
       ],
       [
        -26.5109,
        63.8244
       ],
       [
        -26.4743,
        63.8161
       ],
       [
        -26.443,
        63.8003
       ],
       [
        -26.4317,
        63.7879
       ],
       [
        -26.4274,
        63.7659
       ],
       [
        -26.3876,
        63.7431
       ],
       [
        -26.3663,
        63.7376
       ],
       [
        -26.3383,
        63.7376
       ],
       [
        -26.2815,
        63.7473
       ],
       [
        -26.2352,
        63.7431
       ],
       [
        -26.1684,
        63.7121
       ],
       [
        -26.1455,
        63.6929
       ],
       [
        -26.1377,
        63.6777
       ],
       [
        -26.1389,
        63.6667
       ],
       [
        -26.167,
        63.6336
       ],
       [
        -26.19,
        63.6199
       ],
       [
        -26.1773,
        63.5923
       ],
       [
        -26.1902,
        63.5551
       ],
       [
        -26.2175,
        63.529
       ],
       [
        -26.2972,
        63.4856
       ],
       [
        -26.3128,
        63.4828
       ],
       [
        -26.3434,
        63.4856
       ],
       [
        -26.3859,
        63.5083
       ],
       [
        -26.4166,
        63.5441
       ],
       [
        -26.4228,
        63.5785
       ],
       [
        -26.4504,
        63.5971
       ],
       [
        -26.5199,
        63.6164
       ],
       [
        -26.5508,
        63.6164
       ],
       [
        -26.5791,
        63.6109
       ],
       [
        -26.6677,
        63.5875
       ],
       [
        -26.6888,
        63.5744
       ],
       [
        -26.6931,
        63.5606
       ],
       [
        -26.6797,
        63.5345
       ],
       [
        -26.6815,
        63.5124
       ],
       [
        -26.7062,
        63.4938
       ],
       [
        -26.7402,
        63.4925
       ],
       [
        -26.8342,
        63.5117
       ],
       [
        -26.8744,
        63.5104
       ],
       [
        -26.8964,
        63.5048
       ],
       [
        -26.9425,
        63.4849
       ],
       [
        -27.0413,
        63.4367
       ],
       [
        -27.0644,
        63.4133
       ],
       [
        -27.0651,
        63.4022
       ],
       [
        -27.0449,
        63.3843
       ],
       [
        -26.9914,
        63.3582
       ],
       [
        -26.9859,
        63.3499
       ],
       [
        -26.9929,
        63.3375
       ],
       [
        -27.0227,
        63.3272
       ],
       [
        -27.1029,
        63.3189
       ],
       [
        -27.2365,
        63.2872
       ],
       [
        -27.2853,
        63.2645
       ],
       [
        -27.3329,
        63.2342
       ],
       [
        -27.3522,
        63.2163
       ],
       [
        -27.3693,
        63.1846
       ],
       [
        -27.3707,
        63.1584
       ],
       [
        -27.3624,
        63.1433
       ],
       [
        -27.345,
        63.1295
       ],
       [
        -27.302,
        63.1095
       ],
       [
        -27.2343,
        63.0978
       ],
       [
        -27.2286,
        63.0923
       ],
       [
        -27.2341,
        63.051
       ],
       [
        -27.2288,
        63.0386
       ],
       [
        -27.2099,
        63.0255
       ],
       [
        -27.171,
        63.0172
       ],
       [
        -27.1551,
        63.0055
       ],
       [
        -27.1478,
        62.978
       ],
       [
        -27.1517,
        62.9628
       ],
       [
        -27.2301,
        62.9174
       ],
       [
        -27.2934,
        62.8947
       ],
       [
        -27.329,
        62.8788
       ],
       [
        -27.3385,
        62.8706
       ],
       [
        -27.3486,
        62.8513
       ],
       [
        -27.3455,
        62.7989
       ],
       [
        -27.3586,
        62.781
       ],
       [
        -27.3846,
        62.7721
       ],
       [
        -27.4569,
        62.7693
       ],
       [
        -27.4934,
        62.761
       ],
       [
        -27.5196,
        62.7466
       ],
       [
        -27.5514,
        62.7108
       ],
       [
        -27.5743,
        62.7032
       ],
       [
        -27.6164,
        62.7004
       ],
       [
        -27.6332,
        62.6929
       ],
       [
        -27.646,
        62.675
       ],
       [
        -27.6952,
        62.6474
       ],
       [
        -27.788,
        62.573
       ],
       [
        -27.8039,
        62.5482
       ],
       [
        -27.8055,
        62.5097
       ],
       [
        -27.7856,
        62.4849
       ],
       [
        -27.7637,
        62.4745
       ],
       [
        -27.7401,
        62.4704
       ],
       [
        -27.6953,
        62.4745
       ],
       [
        -27.6286,
        62.5007
       ],
       [
        -27.5988,
        62.5021
       ],
       [
        -27.571,
        62.4904
       ],
       [
        -27.5511,
        62.4711
       ],
       [
        -27.5264,
        62.4594
       ],
       [
        -27.4179,
        62.4318
       ],
       [
        -27.394,
        62.4332
       ],
       [
        -27.3277,
        62.4498
       ],
       [
        -27.261,
        62.4732
       ],
       [
        -27.2072,
        62.4759
       ],
       [
        -27.1708,
        62.4642
       ],
       [
        -27.1513,
        62.4422
       ],
       [
        -27.1565,
        62.4064
       ],
       [
        -27.1817,
        62.3816
       ],
       [
        -27.2428,
        62.3526
       ],
       [
        -27.2832,
        62.3182
       ],
       [
        -27.3062,
        62.3051
       ],
       [
        -27.3362,
        62.2982
       ],
       [
        -27.4134,
        62.2927
       ],
       [
        -27.4419,
        62.2838
       ],
       [
        -27.4482,
        62.2769
       ],
       [
        -27.4496,
        62.2493
       ],
       [
        -27.5083,
        62.197
       ],
       [
        -27.5523,
        62.1715
       ],
       [
        -27.5939,
        62.1619
       ],
       [
        -27.6205,
        62.1619
       ],
       [
        -27.6421,
        62.1708
       ],
       [
        -27.6497,
        62.1998
       ],
       [
        -27.6609,
        62.2135
       ],
       [
        -27.7094,
        62.2507
       ],
       [
        -27.7427,
        62.2666
       ],
       [
        -27.772,
        62.2721
       ],
       [
        -27.8076,
        62.2693
       ],
       [
        -27.8917,
        62.2321
       ],
       [
        -27.9155,
        62.2266
       ],
       [
        -27.9509,
        62.228
       ],
       [
        -28.0077,
        62.2493
       ],
       [
        -28.065,
        62.3072
       ],
       [
        -28.0839,
        62.3175
       ],
       [
        -28.1191,
        62.3285
       ],
       [
        -28.1486,
        62.3327
       ],
       [
        -28.1783,
        62.3299
       ],
       [
        -28.2204,
        62.3065
       ],
       [
        -28.2666,
        62.2907
       ],
       [
        -28.2877,
        62.2728
       ],
       [
        -28.2891,
        62.2149
       ],
       [
        -28.3283,
        62.1763
       ],
       [
        -28.3318,
        62.1515
       ],
       [
        -28.344,
        62.1323
       ],
       [
        -28.3444,
        62.1144
       ],
       [
        -28.3272,
        62.0937
       ],
       [
        -28.3026,
        62.0792
       ],
       [
        -28.2676,
        62.0696
       ],
       [
        -28.2323,
        62.0696
       ],
       [
        -28.2087,
        62.0751
       ],
       [
        -28.1521,
        62.1026
       ],
       [
        -28.1257,
        62.1026
       ],
       [
        -28.0865,
        62.0882
       ],
       [
        -28.0693,
        62.073
       ],
       [
        -28.0527,
        62.0386
       ],
       [
        -28.0128,
        62.0055
       ],
       [
        -27.9907,
        61.9656
       ],
       [
        -27.9289,
        61.9318
       ],
       [
        -27.8654,
        61.9126
       ],
       [
        -27.8352,
        61.8981
       ],
       [
        -27.8269,
        61.8871
       ],
       [
        -27.8195,
        61.8526
       ],
       [
        -27.8054,
        61.8389
       ],
       [
        -27.7885,
        61.8265
       ],
       [
        -27.6869,
        61.7845
       ],
       [
        -27.6543,
        61.7645
       ],
       [
        -27.616,
        61.7108
       ],
       [
        -27.5564,
        61.6818
       ],
       [
        -27.5258,
        61.6557
       ],
       [
        -27.5151,
        61.6378
       ],
       [
        -27.5215,
        61.624
       ],
       [
        -27.5406,
        61.6178
       ],
       [
        -27.5695,
        61.6178
       ],
       [
        -27.6213,
        61.6247
       ],
       [
        -27.6728,
        61.6385
       ],
       [
        -27.7655,
        61.6371
       ],
       [
        -27.8027,
        61.6481
       ],
       [
        -27.8595,
        61.677
       ],
       [
        -27.9113,
        61.688
       ],
       [
        -27.9519,
        61.6894
       ],
       [
        -27.9986,
        61.6784
       ],
       [
        -28.012,
        61.6667
       ],
       [
        -28.0067,
        61.6515
       ],
       [
        -27.9729,
        61.6226
       ],
       [
        -27.9675,
        61.6116
       ],
       [
        -27.9917,
        61.5799
       ],
       [
        -27.9926,
        61.551
       ],
       [
        -28.0088,
        61.542
       ],
       [
        -28.0608,
        61.5407
       ],
       [
        -28.1152,
        61.5531
       ],
       [
        -28.1614,
        61.5544
       ],
       [
        -28.2028,
        61.5703
       ],
       [
        -28.2225,
        61.5937
       ],
       [
        -28.2325,
        61.5985
       ],
       [
        -28.2613,
        61.5999
       ],
       [
        -28.2817,
        61.5958
       ],
       [
        -28.3007,
        61.5868
       ],
       [
        -28.3185,
        61.5661
       ],
       [
        -28.3432,
        61.5544
       ],
       [
        -28.41,
        61.5352
       ],
       [
        -28.4303,
        61.5324
       ],
       [
        -28.5745,
        61.5338
       ],
       [
        -28.6178,
        61.5296
       ],
       [
        -28.6754,
        61.5338
       ],
       [
        -28.733,
        61.5531
       ],
       [
        -28.7676,
        61.5599
       ],
       [
        -28.935,
        61.5668
       ],
       [
        -29.0043,
        61.5985
       ],
       [
        -29.0361,
        61.6068
       ],
       [
        -29.0708,
        61.6068
       ],
       [
        -29.1402,
        61.5861
       ],
       [
        -29.1719,
        61.5875
       ],
       [
        -29.2357,
        61.604
       ],
       [
        -29.2675,
        61.6054
       ],
       [
        -29.2848,
        61.6026
       ],
       [
        -29.3093,
        61.5923
       ],
       [
        -29.3407,
        61.5606
       ],
       [
        -29.3651,
        61.5503
       ],
       [
        -29.4083,
        61.5407
       ],
       [
        -29.4355,
        61.5276
       ],
       [
        -29.4583,
        61.5097
       ],
       [
        -29.4492,
        61.4766
       ],
       [
        -29.4631,
        61.4449
       ],
       [
        -29.4166,
        61.405
       ],
       [
        -29.4163,
        61.3857
       ],
       [
        -29.4406,
        61.3767
       ],
       [
        -29.5465,
        61.3616
       ]
      ]
     ],
     [
      [
       [
        -27.2603,
        64.509
       ],
       [
        -27.3652,
        64.5172
       ],
       [
        -27.4188,
        64.5296
       ],
       [
        -27.4508,
        64.5296
       ],
       [
        -27.5317,
        64.5117
       ],
       [
        -27.5701,
        64.5104
       ],
       [
        -27.6082,
        64.5159
       ],
       [
        -27.6656,
        64.5186
       ],
       [
        -27.7157,
        64.5407
       ],
       [
        -27.7442,
        64.5462
       ],
       [
        -27.7922,
        64.5462
       ],
       [
        -27.8824,
        64.531
       ],
       [
        -27.9016,
        64.531
       ],
       [
        -27.946,
        64.5407
       ],
       [
        -27.9963,
        64.5655
       ],
       [
        -28.0423,
        64.5772
       ],
       [
        -28.0539,
        64.6116
       ],
       [
        -28.0966,
        64.6302
       ],
       [
        -28.1286,
        64.6316
       ],
       [
        -28.1464,
        64.6267
       ],
       [
        -28.1596,
        64.6157
       ],
       [
        -28.1632,
        64.602
       ],
       [
        -28.1572,
        64.5896
       ],
       [
        -28.1654,
        64.5847
       ],
       [
        -28.1911,
        64.582
       ],
       [
        -28.2262,
        64.5847
       ],
       [
        -28.2549,
        64.5916
       ],
       [
        -28.3071,
        64.6171
       ],
       [
        -28.3415,
        64.6529
       ],
       [
        -28.3954,
        64.686
       ],
       [
        -28.4337,
        64.6998
       ],
       [
        -28.475,
        64.7273
       ],
       [
        -28.4775,
        64.7631
       ],
       [
        -28.4932,
        64.7852
       ],
       [
        -28.4929,
        64.8058
       ],
       [
        -28.4829,
        64.821
       ],
       [
        -28.4649,
        64.8285
       ],
       [
        -28.4293,
        64.834
       ],
       [
        -28.4034,
        64.8327
       ],
       [
        -28.2972,
        64.8134
       ],
       [
        -28.2648,
        64.8161
       ],
       [
        -28.2468,
        64.8251
       ],
       [
        -28.2521,
        64.8692
       ],
       [
        -28.219,
        64.8912
       ],
       [
        -28.2155,
        64.9022
       ],
       [
        -28.2601,
        64.9312
       ],
       [
        -28.2629,
        64.9463
       ],
       [
        -28.2359,
        64.9835
       ],
       [
        -28.2286,
        65.0083
       ],
       [
        -28.2338,
        65.0565
       ],
       [
        -28.2188,
        65.0668
       ],
       [
        -28.2024,
        65.0696
       ],
       [
        -28.0621,
        65.0696
       ],
       [
        -28.0427,
        65.0668
       ],
       [
        -28.0347,
        65.062
       ],
       [
        -28.0415,
        65.0524
       ],
       [
        -28.0978,
        65.029
       ],
       [
        -28.1047,
        65.0152
       ],
       [
        -28.0279,
        64.9794
       ],
       [
        -27.9902,
        64.9436
       ],
       [
        -27.9599,
        64.9318
       ],
       [
        -27.8971,
        64.9188
       ],
       [
        -27.8877,
        64.9105
       ],
       [
        -27.8823,
        64.8843
       ],
       [
        -27.8602,
        64.8706
       ],
       [
        -27.8653,
        64.8657
       ],
       [
        -27.8782,
        64.8657
       ],
       [
        -27.9523,
        64.8754
       ],
       [
        -27.9635,
        64.8802
       ],
       [
        -27.9724,
        64.9009
       ],
       [
        -27.9963,
        64.9126
       ],
       [
        -28.0349,
        64.9208
       ],
       [
        -28.0706,
        64.9208
       ],
       [
        -28.079,
        64.9119
       ],
       [
        -28.0068,
        64.8919
       ],
       [
        -27.9896,
        64.8733
       ],
       [
        -27.9673,
        64.865
       ],
       [
        -27.9612,
        64.854
       ],
       [
        -27.9744,
        64.8485
       ],
       [
        -27.9747,
        64.8402
       ],
       [
        -27.9668,
        64.8368
       ],
       [
        -27.8637,
        64.8272
       ],
       [
        -27.7998,
        64.8106
       ],
       [
        -27.7714,
        64.7941
       ],
       [
        -27.7489,
        64.7927
       ],
       [
        -27.7389,
        64.7996
       ],
       [
        -27.7177,
        64.8031
       ],
       [
        -27.7171,
        64.8155
       ],
       [
        -27.741,
        64.8244
       ],
       [
        -27.8084,
        64.8354
       ],
       [
        -27.8226,
        64.8416
       ],
       [
        -27.8255,
        64.8499
       ],
       [
        -27.8109,
        64.852
       ],
       [
        -27.7819,
        64.8478
       ],
       [
        -27.7625,
        64.8492
       ],
       [
        -27.7069,
        64.8616
       ],
       [
        -27.6842,
        64.8616
       ],
       [
        -27.6508,
        64.8499
       ],
       [
        -27.6322,
        64.8347
       ],
       [
        -27.6463,
        64.8113
       ],
       [
        -27.6412,
        64.7838
       ],
       [
        -27.6258,
        64.7686
       ],
       [
        -27.5659,
        64.7438
       ],
       [
        -27.5317,
        64.719
       ],
       [
        -27.5292,
        64.7066
       ],
       [
        -27.543,
        64.6901
       ],
       [
        -27.5342,
        64.6736
       ],
       [
        -27.4546,
        64.6329
       ],
       [
        -27.3722,
        64.615
       ],
       [
        -27.3234,
        64.5992
       ],
       [
        -27.3022,
        64.5799
       ],
       [
        -27.2943,
        64.5524
       ],
       [
        -27.2514,
        64.5234
       ],
       [
        -27.2521,
        64.5124
       ],
       [
        -27.2603,
        64.509
       ]
      ]
     ],
     [
      [
       [
        -26.905,
        62.0324
       ],
       [
        -26.9342,
        62.0352
       ],
       [
        -26.9525,
        62.0455
       ],
       [
        -26.9595,
        62.073
       ],
       [
        -26.9843,
        62.0978
       ],
       [
        -26.9796,
        62.124
       ],
       [
        -26.985,
        62.1309
       ],
       [
        -27.0008,
        62.1371
       ],
       [
        -27.0712,
        62.1398
       ],
       [
        -27.0899,
        62.1474
       ],
       [
        -27.0954,
        62.1529
       ],
       [
        -27.0904,
        62.186
       ],
       [
        -27.0779,
        62.197
       ],
       [
        -27.0187,
        62.2225
       ],
       [
        -27.0067,
        62.2252
       ],
       [
        -26.9685,
        62.2239
       ],
       [
        -26.9214,
        62.2438
       ],
       [
        -26.9178,
        62.2521
       ],
       [
        -26.9313,
        62.2714
       ],
       [
        -26.9276,
        62.2824
       ],
       [
        -26.8645,
        62.3175
       ],
       [
        -26.8406,
        62.3203
       ],
       [
        -26.8026,
        62.3134
       ],
       [
        -26.7493,
        62.2948
       ],
       [
        -26.733,
        62.2755
       ],
       [
        -26.7257,
        62.2548
       ],
       [
        -26.6911,
        62.2239
       ],
       [
        -26.6676,
        62.2225
       ],
       [
        -26.62,
        62.228
       ],
       [
        -26.5754,
        62.2135
       ],
       [
        -26.5616,
        62.2011
       ],
       [
        -26.5538,
        62.1529
       ],
       [
        -26.5739,
        62.1398
       ],
       [
        -26.6548,
        62.1219
       ],
       [
        -26.6902,
        62.1206
       ],
       [
        -26.7194,
        62.1233
       ],
       [
        -26.7343,
        62.1206
       ],
       [
        -26.7481,
        62.113
       ],
       [
        -26.7475,
        62.0813
       ],
       [
        -26.7694,
        62.0634
       ],
       [
        -26.8069,
        62.0517
       ],
       [
        -26.905,
        62.0324
       ]
      ]
     ],
     [
      [
       [
        -29.526,
        60.9925
       ],
       [
        -29.5715,
        60.9966
       ],
       [
        -29.637,
        61.0117
       ],
       [
        -29.6785,
        61.0276
       ],
       [
        -29.6929,
        61.04
       ],
       [
        -29.6989,
        61.0524
       ],
       [
        -29.6978,
        61.1336
       ],
       [
        -29.7067,
        61.1474
       ],
       [
        -29.7071,
        61.1681
       ],
       [
        -29.6933,
        61.186
       ],
       [
        -29.6806,
        61.1922
       ],
       [
        -29.6436,
        61.1963
       ],
       [
        -29.5754,
        61.2156
       ],
       [
        -29.5315,
        61.2356
       ],
       [
        -29.4962,
        61.2597
       ],
       [
        -29.4762,
        61.261
       ],
       [
        -29.4603,
        61.2521
       ],
       [
        -29.4601,
        61.2369
       ],
       [
        -29.474,
        61.2121
       ],
       [
        -29.4736,
        61.1832
       ],
       [
        -29.453,
        61.1391
       ],
       [
        -29.4576,
        61.0634
       ],
       [
        -29.4795,
        61.011
       ],
       [
        -29.4949,
        60.9993
       ],
       [
        -29.526,
        60.9925
       ]
      ]
     ],
     [
      [
       [
        -26.0867,
        63.8575
       ],
       [
        -26.1145,
        63.8602
       ],
       [
        -26.226,
        63.9002
       ],
       [
        -26.2572,
        63.9015
       ],
       [
        -26.2891,
        63.8947
       ],
       [
        -26.3202,
        63.896
       ],
       [
        -26.3664,
        63.9201
       ],
       [
        -26.3743,
        63.9353
       ],
       [
        -26.389,
        63.9463
       ],
       [
        -26.3915,
        63.9532
       ],
       [
        -26.3741,
        63.9711
       ],
       [
        -26.3122,
        63.9959
       ],
       [
        -26.288,
        64.0193
       ],
       [
        -26.2476,
        64.0469
       ],
       [
        -26.2264,
        64.0544
       ],
       [
        -26.192,
        64.0531
       ],
       [
        -26.1573,
        64.0386
       ],
       [
        -26.1466,
        64.0207
       ],
       [
        -26.1484,
        64.0028
       ],
       [
        -26.1787,
        63.9518
       ],
       [
        -26.1533,
        63.9243
       ],
       [
        -26.1339,
        63.9153
       ],
       [
        -26.0911,
        63.9057
       ],
       [
        -26.0688,
        63.894
       ],
       [
        -26.0636,
        63.8843
       ],
       [
        -26.0687,
        63.865
       ],
       [
        -26.0867,
        63.8575
       ]
      ]
     ],
     [
      [
       [
        -31.8212,
        61.706
       ],
       [
        -31.8375,
        61.7094
       ],
       [
        -31.8395,
        61.7156
       ],
       [
        -31.8747,
        61.7197
       ],
       [
        -31.8986,
        61.7266
       ],
       [
        -31.9365,
        61.7438
       ],
       [
        -31.9524,
        61.7576
       ],
       [
        -31.9535,
        61.77
       ],
       [
        -31.893,
        61.8217
       ],
       [
        -31.8648,
        61.8313
       ],
       [
        -31.8502,
        61.8313
       ],
       [
        -31.8481,
        61.8396
       ],
       [
        -31.8103,
        61.8409
       ],
       [
        -31.7955,
        61.8382
       ],
       [
        -31.7816,
        61.8292
       ],
       [
        -31.7796,
        61.8072
       ],
       [
        -31.7453,
        61.7824
       ],
       [
        -31.7378,
        61.779
       ],
       [
        -31.7178,
        61.7831
       ],
       [
        -31.6915,
        61.7817
       ],
       [
        -31.6808,
        61.7755
       ],
       [
        -31.6799,
        61.7659
       ],
       [
        -31.6894,
        61.7583
       ],
       [
        -31.7293,
        61.7487
       ],
       [
        -31.7986,
        61.7128
       ],
       [
        -31.8212,
        61.706
       ]
      ]
     ],
     [
      [
       [
        -29.2117,
        61.0544
       ],
       [
        -29.2401,
        61.0544
       ],
       [
        -29.314,
        61.0627
       ],
       [
        -29.3554,
        61.0744
       ],
       [
        -29.3697,
        61.0882
       ],
       [
        -29.3759,
        61.1254
       ],
       [
        -29.3518,
        61.1412
       ],
       [
        -29.312,
        61.1495
       ],
       [
        -29.2921,
        61.1481
       ],
       [
        -29.2551,
        61.1522
       ],
       [
        -29.2067,
        61.1633
       ],
       [
        -29.1853,
        61.1584
       ],
       [
        -29.1824,
        61.1447
       ],
       [
        -29.2078,
        61.1102
       ],
       [
        -29.1933,
        61.0648
       ],
       [
        -29.2117,
        61.0544
       ]
      ]
     ],
     [
      [
       [
        -25.8135,
        63.8726
       ],
       [
        -25.8444,
        63.8754
       ],
       [
        -25.886,
        63.8947
       ],
       [
        -25.9318,
        63.9043
       ],
       [
        -25.954,
        63.916
       ],
       [
        -25.9531,
        63.9243
       ],
       [
        -25.9226,
        63.9449
       ],
       [
        -25.9238,
        63.9628
       ],
       [
        -25.9168,
        63.9697
       ],
       [
        -25.8591,
        63.9952
       ],
       [
        -25.8431,
        63.998
       ],
       [
        -25.8244,
        63.9966
       ],
       [
        -25.7988,
        63.9876
       ],
       [
        -25.7792,
        63.967
       ],
       [
        -25.8012,
        63.9394
       ],
       [
        -25.8023,
        63.9298
       ],
       [
        -25.784,
        63.8981
       ],
       [
        -25.7853,
        63.8871
       ],
       [
        -25.7923,
        63.8802
       ],
       [
        -25.8135,
        63.8726
       ]
      ]
     ],
     [
      [
       [
        -27.3309,
        61.3217
       ],
       [
        -27.3594,
        61.3258
       ],
       [
        -27.4086,
        61.3444
       ],
       [
        -27.4184,
        61.3761
       ],
       [
        -27.418,
        61.3857
       ],
       [
        -27.3999,
        61.4022
       ],
       [
        -27.3934,
        61.4174
       ],
       [
        -27.3633,
        61.4422
       ],
       [
        -27.3413,
        61.4511
       ],
       [
        -27.3241,
        61.4498
       ],
       [
        -27.3115,
        61.4436
       ],
       [
        -27.2987,
        61.4146
       ],
       [
        -27.269,
        61.3802
       ],
       [
        -27.2696,
        61.3678
       ],
       [
        -27.2907,
        61.3499
       ],
       [
        -27.2943,
        61.3361
       ],
       [
        -27.3136,
        61.3244
       ],
       [
        -27.3309,
        61.3217
       ]
      ]
     ],
     [
      [
       [
        -31.4953,
        61.4057
       ],
       [
        -31.5298,
        61.4071
       ],
       [
        -31.5669,
        61.4215
       ],
       [
        -31.5794,
        61.4325
       ],
       [
        -31.5745,
        61.4436
       ],
       [
        -31.535,
        61.4704
       ],
       [
        -31.5237,
        61.4732
       ],
       [
        -31.4718,
        61.4718
       ],
       [
        -31.4548,
        61.4759
       ],
       [
        -31.4273,
        61.4925
       ],
       [
        -31.4103,
        61.4966
       ],
       [
        -31.4016,
        61.4952
       ],
       [
        -31.391,
        61.489
       ],
       [
        -31.3926,
        61.4725
       ],
       [
        -31.417,
        61.4532
       ],
       [
        -31.435,
        61.4256
       ],
       [
        -31.4586,
        61.4139
       ],
       [
        -31.4953,
        61.4057
       ]
      ]
     ],
     [
      [
       [
        -31.6217,
        63.1371
       ],
       [
        -31.6554,
        63.1398
       ],
       [
        -31.6854,
        63.1515
       ],
       [
        -31.6863,
        63.1612
       ],
       [
        -31.6575,
        63.1791
       ],
       [
        -31.6413,
        63.2025
       ],
       [
        -31.6192,
        63.2115
       ],
       [
        -31.5648,
        63.217
       ],
       [
        -31.532,
        63.2252
       ],
       [
        -31.5138,
        63.2266
       ],
       [
        -31.4983,
        63.2239
       ],
       [
        -31.4871,
        63.2177
       ],
       [
        -31.4866,
        63.2121
       ],
       [
        -31.5142,
        63.1791
       ],
       [
        -31.6217,
        63.1371
       ]
      ]
     ],
     [
      [
       [
        -29.8524,
        61.2142
       ],
       [
        -29.8753,
        61.2156
       ],
       [
        -29.8999,
        61.2287
       ],
       [
        -29.9031,
        61.2397
       ],
       [
        -29.8892,
        61.2548
       ],
       [
        -29.8724,
        61.2672
       ],
       [
        -29.8427,
        61.279
       ],
       [
        -29.8198,
        61.2803
       ],
       [
        -29.7743,
        61.29
       ],
       [
        -29.7514,
        61.2886
       ],
       [
        -29.7354,
        61.2783
       ],
       [
        -29.7349,
        61.2562
       ],
       [
        -29.7404,
        61.2493
       ],
       [
        -29.7956,
        61.2266
       ],
       [
        -29.8524,
        61.2142
       ]
      ]
     ],
     [
      [
       [
        -28.1611,
        61.458
       ],
       [
        -28.2214,
        61.4635
       ],
       [
        -28.2473,
        61.4621
       ],
       [
        -28.2731,
        61.4663
       ],
       [
        -28.2916,
        61.4766
       ],
       [
        -28.2913,
        61.4904
       ],
       [
        -28.2695,
        61.4993
       ],
       [
        -28.2058,
        61.509
       ],
       [
        -28.137,
        61.4952
       ],
       [
        -28.065,
        61.4966
       ],
       [
        -28.0522,
        61.4918
       ],
       [
        -28.0524,
        61.4835
       ],
       [
        -28.0626,
        61.4787
       ],
       [
        -28.1611,
        61.458
       ]
      ]
     ],
     [
      [
       [
        -31.7367,
        62.7748
       ],
       [
        -31.767,
        62.7776
       ],
       [
        -31.8003,
        62.7962
       ],
       [
        -31.8044,
        62.8072
       ],
       [
        -31.7936,
        62.821
       ],
       [
        -31.7987,
        62.843
       ],
       [
        -31.7835,
        62.8575
       ],
       [
        -31.7155,
        62.8712
       ],
       [
        -31.6892,
        62.8637
       ],
       [
        -31.6821,
        62.8526
       ],
       [
        -31.704,
        62.8279
       ],
       [
        -31.7021,
        62.8072
       ],
       [
        -31.7124,
        62.7893
       ],
       [
        -31.7178,
        62.7824
       ],
       [
        -31.7367,
        62.7748
       ]
      ]
     ],
     [
      [
       [
        -31.2995,
        62.9883
       ],
       [
        -31.3269,
        62.9911
       ],
       [
        -31.3475,
        63.0014
       ],
       [
        -31.3516,
        63.0152
       ],
       [
        -31.3436,
        63.029
       ],
       [
        -31.3246,
        63.0379
       ],
       [
        -31.2811,
        63.0441
       ],
       [
        -31.2515,
        63.0723
       ],
       [
        -31.2213,
        63.0751
       ],
       [
        -31.1997,
        63.071
       ],
       [
        -31.1791,
        63.0593
       ],
       [
        -31.1783,
        63.0482
       ],
       [
        -31.2282,
        63.0262
       ],
       [
        -31.2385,
        63.0028
       ],
       [
        -31.2546,
        62.9952
       ],
       [
        -31.2995,
        62.9883
       ]
      ]
     ],
     [
      [
       [
        -27.6128,
        61.4277
       ],
       [
        -27.6357,
        61.4305
       ],
       [
        -27.6483,
        61.4367
       ],
       [
        -27.6607,
        61.4821
       ],
       [
        -27.6488,
        61.4931
       ],
       [
        -27.6002,
        61.5159
       ],
       [
        -27.5828,
        61.5172
       ],
       [
        -27.5505,
        61.4987
       ],
       [
        -27.5402,
        61.4725
       ],
       [
        -27.5675,
        61.4436
       ],
       [
        -27.6128,
        61.4277
       ]
      ]
     ],
     [
      [
       [
        -31.5583,
        62.9015
       ],
       [
        -31.5765,
        62.9029
       ],
       [
        -31.5941,
        62.9133
       ],
       [
        -31.5978,
        62.9215
       ],
       [
        -31.5845,
        62.9422
       ],
       [
        -31.5382,
        62.9656
       ],
       [
        -31.5273,
        62.9794
       ],
       [
        -31.5142,
        62.9856
       ],
       [
        -31.484,
        62.9869
       ],
       [
        -31.4572,
        62.9739
       ],
       [
        -31.4591,
        62.9601
       ],
       [
        -31.4924,
        62.9256
       ],
       [
        -31.5583,
        62.9015
       ]
      ]
     ],
     [
      [
       [
        -31.0163,
        63.0971
       ],
       [
        -31.0315,
        63.0971
       ],
       [
        -31.0517,
        63.1033
       ],
       [
        -31.0582,
        63.1088
       ],
       [
        -31.0531,
        63.1226
       ],
       [
        -31.0087,
        63.1405
       ],
       [
        -30.995,
        63.1626
       ],
       [
        -30.9817,
        63.1688
       ],
       [
        -30.9576,
        63.1729
       ],
       [
        -30.924,
        63.1715
       ],
       [
        -30.91,
        63.1667
       ],
       [
        -30.9002,
        63.1571
       ],
       [
        -30.9056,
        63.146
       ],
       [
        -30.9422,
        63.1247
       ],
       [
        -30.9895,
        63.104
       ],
       [
        -31.0163,
        63.0971
       ]
      ]
     ],
     [
      [
       [
        -30.7845,
        63.1825
       ],
       [
        -30.8121,
        63.1853
       ],
       [
        -30.8232,
        63.1915
       ],
       [
        -30.8236,
        63.1984
       ],
       [
        -30.8004,
        63.2177
       ],
       [
        -30.8016,
        63.2356
       ],
       [
        -30.7883,
        63.2431
       ],
       [
        -30.7401,
        63.2542
       ],
       [
        -30.7187,
        63.2542
       ],
       [
        -30.6919,
        63.2397
       ],
       [
        -30.6914,
        63.2314
       ],
       [
        -30.7113,
        63.2066
       ],
       [
        -30.7334,
        63.1936
       ],
       [
        -30.7845,
        63.1825
       ]
      ]
     ],
     [
      [
       [
        -31.0124,
        63.2597
       ],
       [
        -31.0514,
        63.2714
       ],
       [
        -31.0643,
        63.2796
       ],
       [
        -31.068,
        63.2893
       ],
       [
        -31.0567,
        63.3017
       ],
       [
        -31.0209,
        63.3155
       ],
       [
        -31.0064,
        63.3279
       ],
       [
        -30.9807,
        63.3327
       ],
       [
        -30.9384,
        63.3182
       ],
       [
        -30.9283,
        63.3044
       ],
       [
        -30.9719,
        63.2714
       ],
       [
        -31.0124,
        63.2597
       ]
      ]
     ],
     [
      [
       [
        -31.2883,
        63.155
       ],
       [
        -31.3128,
        63.1564
       ],
       [
        -31.3272,
        63.1653
       ],
       [
        -31.3325,
        63.1929
       ],
       [
        -31.3154,
        63.208
       ],
       [
        -31.2845,
        63.2225
       ],
       [
        -31.2602,
        63.2239
       ],
       [
        -31.2303,
        63.2121
       ],
       [
        -31.2262,
        63.1984
       ],
       [
        -31.2482,
        63.1681
       ],
       [
        -31.2883,
        63.155
       ]
      ]
     ],
     [
      [
       [
        -31.259,
        63.3258
       ],
       [
        -31.2774,
        63.3258
       ],
       [
        -31.2979,
        63.3334
       ],
       [
        -31.309,
        63.3568
       ],
       [
        -31.2769,
        63.3774
       ],
       [
        -31.2658,
        63.3926
       ],
       [
        -31.2524,
        63.3974
       ],
       [
        -31.2401,
        63.3974
       ],
       [
        -31.2069,
        63.3857
       ],
       [
        -31.2029,
        63.3733
       ],
       [
        -31.2366,
        63.3334
       ],
       [
        -31.259,
        63.3258
       ]
      ]
     ],
     [
      [
       [
        -31.7313,
        63.0407
       ],
       [
        -31.7704,
        63.0537
       ],
       [
        -31.7779,
        63.0689
       ],
       [
        -31.7474,
        63.0992
       ],
       [
        -31.7343,
        63.1054
       ],
       [
        -31.7192,
        63.1068
       ],
       [
        -31.6956,
        63.0978
       ],
       [
        -31.6917,
        63.0882
       ],
       [
        -31.7081,
        63.0689
       ],
       [
        -31.7095,
        63.051
       ],
       [
        -31.7313,
        63.0407
       ]
      ]
     ]
    ]
   }
  },
  {
   "type": "Feature",
   "properties": {
    "id": "groclant",
    "kind": "island",
    "confidence": "conjectural",
    "placeholder": true
   },
   "geometry": {
    "type": "Polygon",
    "coordinates": [
     [
      [
       -43.1894,
       71.8302
      ],
      [
       -43.2092,
       71.6381
      ],
      [
       -43.3767,
       71.4319
      ],
      [
       -43.8321,
       71.292
      ],
      [
       -44.4213,
       71.2441
      ],
      [
       -45.0,
       71.2371
      ],
      [
       -45.5547,
       71.2754
      ],
      [
       -45.9526,
       71.4225
      ],
      [
       -46.0153,
       71.6447
      ],
      [
       -45.9333,
       71.8114
      ],
      [
       -46.154,
       71.8918
      ],
      [
       -46.7308,
       72.0
      ],
      [
       -47.1975,
       72.2061
      ],
      [
       -47.1942,
       72.4434
      ],
      [
       -46.8142,
       72.635
      ],
      [
       -46.2619,
       72.765
      ],
      [
       -45.611,
       72.7981
      ],
      [
       -45.0,
       72.6871
      ],
      [
       -44.6178,
       72.4993
      ],
      [
       -44.3685,
       72.3828
      ],
      [
       -43.9588,
       72.3644
      ],
      [
       -43.4132,
       72.3207
      ],
      [
       -43.0892,
       72.1792
      ],
      [
       -43.1042,
       72.0
      ],
      [
       -43.1894,
       71.8302
      ]
     ]
    ]
   }
  },
  {
   "type": "Feature",
   "properties": {
    "id": "hy-brasil",
    "kind": "island",
    "confidence": "approximate",
    "placeholder": true
   },
   "geometry": {
    "type": "Polygon",
    "coordinates": [
     [
      [
       -13.2322,
       51.2051
      ],
      [
       -13.3084,
       50.892
      ],
      [
       -13.5378,
       50.5897
      ],
      [
       -13.9031,
       50.3173
      ],
      [
       -14.4401,
       50.1992
      ],
      [
       -15.0,
       50.3049
      ],
      [
       -15.4349,
       50.4897
      ],
      [
       -15.8346,
       50.6002
      ],
      [
       -16.2685,
       50.7103
      ],
      [
       -16.521,
       50.9534
      ],
      [
       -16.423,
       51.2626
      ],
      [
       -16.2206,
       51.5
      ],
      [
       -16.2454,
       51.7077
      ],
      [
       -16.4131,
       52.0079
      ],
      [
       -16.3923,
       52.3667
      ],
      [
       -16.0801,
       52.6646
      ],
      [
       -15.5922,
       52.8759
      ],
      [
       -15.0,
       52.9837
      ],
      [
       -14.4129,
       52.8641
      ],
      [
       -14.093,
       52.478
      ],
      [
       -14.1251,
       52.0446
      ],
      [
       -14.1705,
       51.7981
      ],
      [
       -13.8956,
       51.6842
      ],
      [
       -13.4556,
       51.5
      ],
      [
       -13.2322,
       51.2051
      ]
     ]
    ]
   }
  },
  {
   "type": "Feature",
   "properties": {
    "id": "ile-aux-vaches",
    "kind": "island",
    "confidence": "conjectural",
    "placeholder": true
   },
   "geometry": {
    "type": "Polygon",
    "coordinates": [
     [
      [
       -28.8166,
       -3.3167
      ],
      [
       -28.9506,
       -3.605
      ],
      [
       -29.1675,
       -3.8313
      ],
      [
       -29.4997,
       -3.8653
      ],
      [
       -29.8097,
       -3.7092
      ],
      [
       -30.0,
       -3.6106
      ],
      [
       -30.2003,
       -3.7465
      ],
      [
       -30.5521,
       -3.955
      ],
      [
       -30.9646,
       -3.9633
      ],
      [
       -31.2614,
       -3.7273
      ],
      [
       -31.4064,
       -3.3763
      ],
      [
       -31.4158,
       -3.0
      ],
      [
       -31.2304,
       -2.6708
      ],
      [
       -30.8681,
       -2.4995
      ],
      [
       -30.5296,
       -2.4711
      ],
      [
       -30.3561,
       -2.3841
      ],
      [
       -30.2317,
       -2.1366
      ],
      [
       -30.0,
       -1.9114
      ],
      [
       -29.7067,
       -1.907
      ],
      [
       -29.4562,
       -2.0594
      ],
      [
       -29.2112,
       -2.2123
      ],
      [
       -28.9288,
       -2.3824
      ],
      [
       -28.7252,
       -2.6589
      ],
      [
       -28.7112,
       -3.0
      ],
      [
       -28.8166,
       -3.3167
      ]
     ]
    ]
   }
  },
  {
   "type": "Feature",
   "properties": {
    "id": "ile-des-demons",
    "kind": "island",
    "confidence": "conjectural",
    "placeholder": true
   },
   "geometry": {
    "type": "Polygon",
    "coordinates": [
     [
      [
       -53.8923,
       51.2318
      ],
      [
       -54.1609,
       51.0187
      ],
      [
       -54.3304,
       50.7719
      ],
      [
       -54.6323,
       50.5644
      ],
      [
       -55.0922,
       50.5525
      ],
      [
       -55.5,
       50.6786
      ],
      [
       -55.8371,
       50.7168
      ],
      [
       -56.3095,
       50.6271
      ],
      [
       -56.9266,
       50.6119
      ],
      [
       -57.4374,
       50.8037
      ],
      [
       -57.7064,
       51.132
      ],
      [
       -57.7808,
       51.5
      ],
      [
       -57.6045,
       51.851
      ],
      [
       -57.0786,
       52.0674
      ],
      [
       -56.4087,
       52.0657
      ],
      [
       -55.9667,
       52.0032
      ],
      [
       -55.7729,
       52.134
      ],
      [
       -55.5,
       52.4426
      ],
      [
       -55.0024,
       52.656
      ],
      [
       -54.46,
       52.6213
      ],
      [
       -54.0071,
       52.4294
      ],
      [
       -53.6274,
       52.173
      ],
      [
       -53.4196,
       51.847
      ],
      [
       -53.5465,
       51.5
      ],
      [
       -53.8923,
       51.2318
      ]
     ]
    ]
   }
  },
  {
   "type": "Feature",
   "properties": {
    "id": "jacquet",
    "kind": "island",
    "confidence": "attested",
    "placeholder": true
   },
   "geometry": {
    "type": "Polygon",
    "coordinates": [
     [
      [
       -40.9821,
       46.6312
      ],
      [
       -41.0181,
       46.2196
      ],
      [
       -41.5031,
       45.9791
      ],
      [
       -42.1168,
       45.9567
      ],
      [
       -42.6188,
       46.0296
      ],
      [
       -43.0,
       46.1408
      ],
      [
       -43.2743,
       46.3017
      ],
      [
       -43.4843,
       46.4279
      ],
      [
       -43.834,
       46.4312
      ],
      [
       -44.4421,
       46.4322
      ],
      [
       -45.0233,
       46.6303
      ],
      [
       -45.1694,
       47.0
      ],
      [
       -44.8851,
       47.3445
      ],
      [
       -44.5089,
       47.5941
      ],
      [
       -44.1937,
       47.8141
      ],
      [
       -43.829,
       47.9792
      ],
      [
       -43.3927,
       47.9995
      ],
      [
       -43.0,
       47.9272
      ],
      [
       -42.6504,
       47.8899
      ],
      [
       -42.2739,
       47.8577
      ],
      [
       -41.9626,
       47.7075
      ],
      [
       -41.8203,
       47.4645
      ],
      [
       -41.6799,
       47.2412
      ],
      [
       -41.3372,
       47.0
      ],
      [
       -40.9821,
       46.6312
      ]
     ]
    ]
   }
  },
  {
   "type": "Feature",
   "properties": {
    "id": "juan-de-lisboa",
    "kind": "island",
    "confidence": "conjectural",
    "placeholder": true
   },
   "geometry": {
    "type": "Polygon",
    "coordinates": [
     [
      [
       55.7386,
       -28.1747
      ],
      [
       55.7767,
       -28.3959
      ],
      [
       55.8486,
       -28.7492
      ],
      [
       55.7266,
       -29.1112
      ],
      [
       55.41,
       -29.351
      ],
      [
       55.0,
       -29.4664
      ],
      [
       54.565,
       -29.4334
      ],
      [
       54.2384,
       -29.1647
      ],
      [
       54.1781,
       -28.7257
      ],
      [
       54.2991,
       -28.3573
      ],
      [
       54.2988,
       -28.1659
      ],
      [
       54.0721,
       -28.0
      ],
      [
       53.8589,
       -27.73
      ],
      [
       53.8768,
       -27.4274
      ],
      [
       54.0657,
       -27.1751
      ],
      [
       54.3061,
       -26.9389
      ],
      [
       54.6162,
       -26.7354
      ],
      [
       55.0,
       -26.695
      ],
      [
       55.3511,
       -26.843
      ],
      [
       55.6332,
       -27.0317
      ],
      [
       55.919,
       -27.1886
      ],
      [
       56.1545,
       -27.4115
      ],
      [
       56.1499,
       -27.7279
      ],
      [
       55.9166,
       -28.0
      ],
      [
       55.7386,
       -28.1747
      ]
     ]
    ]
   }
  },
  {
   "type": "Feature",
   "properties": {
    "id": "kianida",
    "kind": "island",
    "confidence": "conjectural",
    "placeholder": true
   },
   "geometry": {
    "type": "Polygon",
    "coordinates": [
     [
      [
       34.3574,
       43.2362
      ],
      [
       34.114,
       43.0335
      ],
      [
       33.9275,
       42.8272
      ],
      [
       33.6798,
       42.646
      ],
      [
       33.3335,
       42.5972
      ],
      [
       33.0,
       42.6306
      ],
      [
       32.6548,
       42.5654
      ],
      [
       32.1357,
       42.4142
      ],
      [
       31.5174,
       42.4246
      ],
      [
       31.1435,
       42.7225
      ],
      [
       31.1781,
       43.1459
      ],
      [
       31.4335,
       43.5
      ],
      [
       31.7176,
       43.7492
      ],
      [
       32.0282,
       43.907
      ],
      [
       32.3356,
       43.982
      ],
      [
       32.5279,
       44.0931
      ],
      [
       32.6731,
       44.3849
      ],
      [
       33.0,
       44.7546
      ],
      [
       33.5174,
       44.9006
      ],
      [
       33.9644,
       44.7117
      ],
      [
       34.2147,
       44.3811
      ],
      [
       34.4016,
       44.087
      ],
      [
       34.5729,
       43.8057
      ],
      [
       34.5713,
       43.5
      ],
      [
       34.3574,
       43.2362
      ]
     ]
    ]
   }
  },
  {
   "type": "Feature",
   "properties": {
    "id": "los-jardines",
    "kind": "island",
    "confidence": "conjectural",
    "placeholder": true
   },
   "geometry": {
    "type": "Polygon",
    "coordinates": [
     [
      [
       151.2019,
       20.6993
      ],
      [
       151.304,
       20.2971
      ],
      [
       151.0673,
       20.0036
      ],
      [
       150.6833,
       19.8951
      ],
      [
       150.3317,
       19.8443
      ],
      [
       150.0,
       19.7985
      ],
      [
       149.6752,
       19.8683
      ],
      [
       149.4349,
       20.0863
      ],
      [
       149.2778,
       20.3258
      ],
      [
       149.1134,
       20.5221
      ],
      [
       148.9745,
       20.7435
      ],
      [
       148.9917,
       21.0
      ],
      [
       149.1202,
       21.2201
      ],
      [
       149.1636,
       21.4508
      ],
      [
       149.1178,
       21.8236
      ],
      [
       149.2157,
       22.2682
      ],
      [
       149.566,
       22.512
      ],
      [
       150.0,
       22.4314
      ],
      [
       150.3372,
       22.1749
      ],
      [
       150.5557,
       21.8986
      ],
      [
       150.6609,
       21.617
      ],
      [
       150.653,
       21.352
      ],
      [
       150.6694,
       21.1675
      ],
      [
       150.8845,
       21.0
      ],
      [
       151.2019,
       20.6993
      ]
     ]
    ]
   }
  },
  {
   "type": "Feature",
   "properties": {
    "id": "maria-de-lajara",
    "kind": "island",
    "confidence": "attested",
    "placeholder": true
   },
   "geometry": {
    "type": "Polygon",
    "coordinates": [
     [
      [
       -138.8868,
       26.7342
      ],
      [
       -138.9449,
       26.4572
      ],
      [
       -139.2109,
       26.2969
      ],
      [
       -139.5214,
       26.2614
      ],
      [
       -139.7542,
       26.1827
      ],
      [
       -140.0,
       25.9997
      ],
      [
       -140.3415,
       25.8643
      ],
      [
       -140.7167,
       25.894
      ],
      [
       -141.074,
       26.0431
      ],
      [
       -141.4074,
       26.276
      ],
      [
       -141.5795,
       26.6229
      ],
      [
       -141.3982,
       27.0
      ],
      [
       -140.9529,
       27.2275
      ],
      [
       -140.5972,
       27.3072
      ],
      [
       -140.503,
       27.4481
      ],
      [
       -140.4807,
       27.7418
      ],
      [
       -140.3126,
       28.0395
      ],
      [
       -140.0,
       28.2091
      ],
      [
       -139.617,
       28.2735
      ],
      [
       -139.2015,
       28.2323
      ],
      [
       -138.8742,
       28.0031
      ],
      [
       -138.7922,
       27.6213
      ],
      [
       -138.8934,
       27.2642
      ],
      [
       -138.9397,
       27.0
      ],
      [
       -138.8868,
       26.7342
      ]
     ]
    ]
   }
  },
  {
   "type": "Feature",
   "properties": {
    "id": "maria-theresa",
    "kind": "reef",
    "confidence": "attested",
    "placeholder": true
   },
   "geometry": {
    "type": "Point",
    "coordinates": [
     -136.65,
     -36.833
    ]
   }
  },
  {
   "type": "Feature",
   "properties": {
    "id": "mayda",
    "kind": "island",
    "confidence": "approximate",
    "placeholder": true
   },
   "geometry": {
    "type": "Polygon",
    "coordinates": [
     [
      [
       -18.0684,
       46.647
      ],
      [
       -18.6314,
       46.4611
      ],
      [
       -19.2369,
       46.4795
      ],
      [
       -19.5634,
       46.4842
      ],
      [
       -19.726,
       46.3026
      ],
      [
       -20.0,
       46.043
      ],
      [
       -20.435,
       45.8928
      ],
      [
       -20.9473,
       45.881
      ],
      [
       -21.4908,
       45.9833
      ],
      [
       -21.9151,
       46.2459
      ],
      [
       -21.9563,
       46.6425
      ],
      [
       -21.6115,
       47.0
      ],
      [
       -21.2461,
       47.2277
      ],
      [
       -21.1109,
       47.4374
      ],
      [
       -21.0284,
       47.7014
      ],
      [
       -20.7581,
       47.8956
      ],
      [
       -20.3652,
       47.9294
      ],
      [
       -20.0,
       47.9201
      ],
      [
       -19.6167,
       47.9757
      ],
      [
       -19.153,
       48.0005
      ],
      [
       -18.7203,
       47.8727
      ],
      [
       -18.3972,
       47.6311
      ],
      [
       -18.11,
       47.3454
      ],
      [
       -17.9121,
       47.0
      ],
      [
       -18.0684,
       46.647
      ]
     ]
    ]
   }
  },
  {
   "type": "Feature",
   "properties": {
    "id": "nakanotorishima",
    "kind": "island",
    "confidence": "approximate",
    "placeholder": false,
    "traced_from": "Yamada Teizaburo, survey sketch of Nakanotorishima, 1908"
   },
   "geometry": {
    "type": "Polygon",
    "coordinates": [
     [
      [
       154.40622,
       30.65991
      ],
      [
       154.39863,
       30.65991
      ],
      [
       154.39263,
       30.66271
      ],
      [
       154.38724,
       30.6697
      ],
      [
       154.38225,
       30.67789
      ],
      [
       154.37905,
       30.67949
      ],
      [
       154.37126,
       30.67929
      ],
      [
       154.36607,
       30.67629
      ],
      [
       154.35708,
       30.6677
      ],
      [
       154.35448,
       30.6667
      ],
      [
       154.34809,
       30.6667
      ],
      [
       154.3413,
       30.6679
      ],
      [
       154.3349,
       30.6701
      ],
      [
       154.33111,
       30.67249
      ],
      [
       154.32272,
       30.68009
      ],
      [
       154.31792,
       30.68788
      ],
      [
       154.31593,
       30.69587
      ],
      [
       154.31253,
       30.70326
      ],
      [
       154.30514,
       30.70945
      ],
      [
       154.30394,
       30.71165
      ],
      [
       154.30614,
       30.72403
      ],
      [
       154.30594,
       30.73022
      ],
      [
       154.30434,
       30.73562
      ],
      [
       154.30474,
       30.74341
      ],
      [
       154.30734,
       30.74561
      ],
      [
       154.30894,
       30.7486
      ],
      [
       154.30854,
       30.7512
      ],
      [
       154.30614,
       30.7516
      ],
      [
       154.30474,
       30.7534
      ],
      [
       154.31293,
       30.76219
      ],
      [
       154.31073,
       30.77237
      ],
      [
       154.31153,
       30.77737
      ],
      [
       154.31353,
       30.77936
      ],
      [
       154.32032,
       30.78336
      ],
      [
       154.32432,
       30.78795
      ],
      [
       154.32572,
       30.79215
      ],
      [
       154.32611,
       30.80034
      ],
      [
       154.33051,
       30.81192
      ],
      [
       154.3369,
       30.81892
      ],
      [
       154.34509,
       30.82471
      ],
      [
       154.35927,
       30.82731
      ],
      [
       154.36946,
       30.82691
      ],
      [
       154.37426,
       30.8279
      ],
      [
       154.37845,
       30.8295
      ],
      [
       154.38704,
       30.8359
      ],
      [
       154.39263,
       30.83789
      ],
      [
       154.41221,
       30.83649
      ],
      [
       154.4204,
       30.83749
      ],
      [
       154.42779,
       30.83949
      ],
      [
       154.44577,
       30.84009
      ],
      [
       154.46794,
       30.83629
      ],
      [
       154.47933,
       30.8359
      ],
      [
       154.48352,
       30.8329
      ],
      [
       154.48652,
       30.82411
      ],
      [
       154.49311,
       30.82131
      ],
      [
       154.4989,
       30.81712
      ],
      [
       154.50829,
       30.80473
      ],
      [
       154.51369,
       30.79914
      ],
      [
       154.51888,
       30.79614
      ],
      [
       154.52947,
       30.79495
      ],
      [
       154.53266,
       30.79095
      ],
      [
       154.53146,
       30.78795
      ],
      [
       154.52407,
       30.77657
      ],
      [
       154.52168,
       30.76978
      ],
      [
       154.52247,
       30.76139
      ],
      [
       154.53266,
       30.73921
      ],
      [
       154.53606,
       30.72623
      ],
      [
       154.53566,
       30.72084
      ],
      [
       154.52747,
       30.69227
      ],
      [
       154.52327,
       30.68548
      ],
      [
       154.52048,
       30.68308
      ],
      [
       154.51668,
       30.68048
      ],
      [
       154.50929,
       30.67769
      ],
      [
       154.49691,
       30.6669
      ],
      [
       154.48832,
       30.66351
      ],
      [
       154.47553,
       30.66351
      ],
      [
       154.45795,
       30.6683
      ],
      [
       154.45636,
       30.6677
      ],
      [
       154.45456,
       30.6679
      ],
      [
       154.44437,
       30.66371
      ],
      [
       154.43678,
       30.66311
      ],
      [
       154.42559,
       30.66351
      ],
      [
       154.4162,
       30.66051
      ],
      [
       154.40622,
       30.65991
      ]
     ]
    ]
   }
  },
  {
   "type": "Feature",
   "properties": {
    "id": "nimrod",
    "kind": "island",
    "confidence": "attested",
    "placeholder": true
   },
   "geometry": {
    "type": "Polygon",
    "coordinates": [
     [
      [
       -156.2846,
       -56.257
      ],
      [
       -155.9845,
       -56.6507
      ],
      [
       -156.1558,
       -57.0313
      ],
      [
       -156.6863,
       -57.2724
      ],
      [
       -157.3401,
       -57.3771
      ],
      [
       -158.0,
       -57.3217
      ],
      [
       -158.5041,
       -57.0521
      ],
      [
       -158.7051,
       -56.6829
      ],
      [
       -158.7976,
       -56.446
      ],
      [
       -159.1563,
       -56.3733
      ],
      [
       -159.7498,
       -56.2622
      ],
      [
       -160.1315,
       -56.0
      ],
      [
       -160.0834,
       -55.6878
      ],
      [
       -159.8334,
       -55.4081
      ],
      [
       -159.5636,
       -55.1257
      ],
      [
       -159.1648,
       -54.8718
      ],
      [
       -158.5879,
       -54.7731
      ],
      [
       -158.0,
       -54.835
      ],
      [
       -157.4855,
       -54.9262
      ],
      [
       -156.9931,
       -55.0247
      ],
      [
       -156.6415,
       -55.2404
      ],
      [
       -156.635,
       -55.5593
      ],
      [
       -156.8061,
       -55.8211
      ],
      [
       -156.71,
       -56.0
      ],
      [
       -156.2846,
       -56.257
      ]
     ]
    ]
   }
  },
  {
   "type": "Feature",
   "properties": {
    "id": "saint-brendan",
    "kind": "island",
    "confidence": "conjectural",
    "placeholder": true
   },
   "geometry": {
    "type": "Polygon",
    "coordinates": [
     [
      [
       -23.2977,
       29.605
      ],
      [
       -23.5474,
       29.2737
      ],
      [
       -23.9185,
       29.0634
      ],
      [
       -24.3004,
       28.9506
      ],
      [
       -24.6836,
       28.9775
      ],
      [
       -25.0,
       29.1382
      ],
      [
       -25.2262,
       29.2688
      ],
      [
       -25.4922,
       29.2617
      ],
      [
       -25.8587,
       29.2563
      ],
      [
       -26.1487,
       29.4256
      ],
      [
       -26.2153,
       29.718
      ],
      [
       -26.1954,
       30.0
      ],
      [
       -26.2636,
       30.2932
      ],
      [
       -26.3156,
       30.6578
      ],
      [
       -26.1434,
       30.9903
      ],
      [
       -25.7675,
       31.1513
      ],
      [
       -25.3608,
       31.1661
      ],
      [
       -25.0,
       31.1111
      ],
      [
       -24.706,
       30.9504
      ],
      [
       -24.5501,
       30.6749
      ],
      [
       -24.4911,
       30.4407
      ],
      [
       -24.2898,
       30.3551
      ],
      [
       -23.8349,
       30.2704
      ],
      [
       -23.3928,
       30.0
      ],
      [
       -23.2977,
       29.605
      ]
     ]
    ]
   }
  },
  {
   "type": "Feature",
   "properties": {
    "id": "saint-mathieu",
    "kind": "island",
    "confidence": "approximate",
    "placeholder": true
   },
   "geometry": {
    "type": "Polygon",
    "coordinates": [
     [
      [
       -11.9254,
       -1.4879
      ],
      [
       -12.0592,
       -1.7431
      ],
      [
       -12.1479,
       -2.0519
      ],
      [
       -12.3252,
       -2.3685
      ],
      [
       -12.6477,
       -2.5146
      ],
      [
       -13.0,
       -2.4476
      ],
      [
       -13.293,
       -2.2932
      ],
      [
       -13.5243,
       -2.1078
      ],
      [
       -13.6476,
       -1.8475
      ],
      [
       -13.6289,
       -1.563
      ],
      [
       -13.623,
       -1.3669
      ],
      [
       -13.8299,
       -1.2
      ],
      [
       -14.1599,
       -0.8893
      ],
      [
       -14.2923,
       -0.454
      ],
      [
       -14.0873,
       -0.113
      ],
      [
       -13.7059,
       0.0224
      ],
      [
       -13.3283,
       0.025
      ],
      [
       -13.0,
       -0.0649
      ],
      [
       -12.7527,
       -0.2771
      ],
      [
       -12.6131,
       -0.53
      ],
      [
       -12.475,
       -0.6752
      ],
      [
       -12.209,
       -0.7434
      ],
      [
       -11.9122,
       -0.9086
      ],
      [
       -11.8122,
       -1.2
      ],
      [
       -11.9254,
       -1.4879
      ]
     ]
    ]
   }
  },
  {
   "type": "Feature",
   "properties": {
    "id": "terre-de-davis",
    "kind": "island",
    "confidence": "conjectural",
    "placeholder": true
   },
   "geometry": {
    "type": "Polygon",
    "coordinates": [
     [
      [
       -88.6152,
       -27.3306
      ],
      [
       -88.8536,
       -27.5898
      ],
      [
       -89.0741,
       -27.825
      ],
      [
       -89.2929,
       -28.0912
      ],
      [
       -89.6195,
       -28.2653
      ],
      [
       -90.0,
       -28.2242
      ],
      [
       -90.3156,
       -28.0495
      ],
      [
       -90.566,
       -27.8735
      ],
      [
       -90.7627,
       -27.6796
      ],
      [
       -90.829,
       -27.4265
      ],
      [
       -90.7939,
       -27.1895
      ],
      [
       -90.8768,
       -27.0
      ],
      [
       -91.1627,
       -26.7224
      ],
      [
       -91.3863,
       -26.2868
      ],
      [
       -91.2589,
       -25.8783
      ],
      [
       -90.8372,
       -25.7079
      ],
      [
       -90.3756,
       -25.7509
      ],
      [
       -90.0,
       -25.878
      ],
      [
       -89.7201,
       -26.0693
      ],
      [
       -89.5592,
       -26.3197
      ],
      [
       -89.4557,
       -26.515
      ],
      [
       -89.2272,
       -26.6025
      ],
      [
       -88.8459,
       -26.7245
      ],
      [
       -88.5717,
       -27.0
      ],
      [
       -88.6152,
       -27.3306
      ]
     ]
    ]
   }
  },
  {
   "type": "Feature",
   "properties": {
    "id": "thule",
    "kind": "island",
    "confidence": "conjectural",
    "placeholder": true
   },
   "geometry": {
    "type": "Polygon",
    "coordinates": [
     [
      [
       -17.5035,
       63.8242
      ],
      [
       -17.5397,
       63.6304
      ],
      [
       -17.5975,
       63.3852
      ],
      [
       -17.7313,
       63.0367
      ],
      [
       -18.1985,
       62.6887
      ],
      [
       -19.0,
       62.5916
      ],
      [
       -19.7152,
       62.83
      ],
      [
       -20.0687,
       63.1886
      ],
      [
       -20.2679,
       63.4442
      ],
      [
       -20.5372,
       63.611
      ],
      [
       -20.7491,
       63.7945
      ],
      [
       -20.7797,
       64.0
      ],
      [
       -20.7852,
       64.2097
      ],
      [
       -20.8369,
       64.4649
      ],
      [
       -20.6918,
       64.7416
      ],
      [
       -20.2069,
       64.9163
      ],
      [
       -19.5905,
       64.9661
      ],
      [
       -19.0,
       65.0219
      ],
      [
       -18.3169,
       65.1176
      ],
      [
       -17.5723,
       65.084
      ],
      [
       -17.1397,
       64.8155
      ],
      [
       -17.2039,
       64.4546
      ],
      [
       -17.4443,
       64.1827
      ],
      [
       -17.5235,
       64.0
      ],
      [
       -17.5035,
       63.8242
      ]
     ]
    ]
   }
  },
  {
   "type": "Feature",
   "properties": {
    "id": "tuanaki",
    "kind": "island",
    "confidence": "approximate",
    "placeholder": true
   },
   "geometry": {
    "type": "Polygon",
    "coordinates": [
     [
      [
       -156.9862,
       -23.7491
      ],
      [
       -156.9397,
       -24.0614
      ],
      [
       -156.9693,
       -24.4452
      ],
      [
       -157.184,
       -24.7962
      ],
      [
       -157.5911,
       -24.8993
      ],
      [
       -158.0,
       -24.7155
      ],
      [
       -158.2851,
       -24.4756
      ],
      [
       -158.5383,
       -24.355
      ],
      [
       -158.8211,
       -24.253
      ],
      [
       -159.0005,
       -24.0297
      ],
      [
       -158.9924,
       -23.7439
      ],
      [
       -158.9375,
       -23.5
      ],
      [
       -158.9625,
       -23.2635
      ],
      [
       -158.9752,
       -22.9837
      ],
      [
       -158.8558,
       -22.7152
      ],
      [
       -158.6406,
       -22.4825
      ],
      [
       -158.373,
       -22.2235
      ],
      [
       -158.0,
       -21.9993
      ],
      [
       -157.5728,
       -22.0379
      ],
      [
       -157.3145,
       -22.4112
      ],
      [
       -157.3149,
       -22.8717
      ],
      [
       -157.3683,
       -23.1655
      ],
      [
       -157.2758,
       -23.322
      ],
      [
       -157.1014,
       -23.5
      ],
      [
       -156.9862,
       -23.7491
      ]
     ]
    ]
   }
  },
  {
   "type": "Feature",
   "properties": {
    "id": "zanara",
    "kind": "island",
    "confidence": "approximate",
    "placeholder": true
   },
   "geometry": {
    "type": "Polygon",
    "coordinates": [
     [
      [
       12.6035,
       41.9802
      ],
      [
       12.2615,
       41.757
      ],
      [
       11.9213,
       41.6112
      ],
      [
       11.6225,
       41.4898
      ],
      [
       11.2985,
       41.4485
      ],
      [
       10.99,
       41.5099
      ],
      [
       10.7095,
       41.5258
      ],
      [
       10.288,
       41.4007
      ],
      [
       9.6579,
       41.3147
      ],
      [
       9.1138,
       41.4988
      ],
      [
       8.9912,
       41.9039
      ],
      [
       9.2385,
       42.3
      ],
      [
       9.5748,
       42.5805
      ],
      [
       9.8923,
       42.7687
      ],
      [
       10.2243,
       42.8663
      ],
      [
       10.5134,
       42.9105
      ],
      [
       10.719,
       43.0481
      ],
      [
       10.99,
       43.327
      ],
      [
       11.4377,
       43.5358
      ],
      [
       11.8947,
       43.4589
      ],
      [
       12.1674,
       43.1709
      ],
      [
       12.3448,
       42.8785
      ],
      [
       12.5748,
       42.6141
      ],
      [
       12.7306,
       42.3
      ],
      [
       12.6035,
       41.9802
      ]
     ]
    ]
   }
  }
 ]
}